Date,4,8,16,25,29,30,31,35,37,43,47,49,50,52,53,54,55,56,63,67,70,74,75,79,82,101,102,103,107,115,117,118,119,121,122,123,124,125,130,131,136,137,141,142,144,146,148,152,153,154,155,156,158,159,161,163,165,169,170,171,172,173,174,179,183,185,188,189,193,197,198,199,200,202,203,209,210,215,216,217,218,227,229,230,231,240,242,246,248,250,251,255,257,265,268,269,270,271,280,281,284,286,290,292,293,294,297,299,304,310,311,312,317,318,319,323,326,329,330,332,333,334,336,341,342,343,345,346,347,348,351,353,355,363,368,369,370,371,372,373,374,375,376,377,378,379,380,382,383,384,386,387,390,391,394,395,398,399,401,402,404,406,409,411,416,419,420,426,427,428,429,432,433,434,439,442,443,446,453,458,459,461,463,464,465,468,473,474,476,483,486,487,490,494,496,499,500,501,506,507,516,532,535,542,548,550,551,552,553,554,557,558,559,562,563,564,566,567,570,575,577,579,584,585,587,589,591,593,594,595,602,605,606,608,613,614,618,621,623,626,627,630,631,632,633,641,644,646,647,649,650,651,652,657,658,659,661,662,663,664,666,667,668,670,673,674,675,678,679,683,684,686,687,690,691,692,693,700,701,703,704,706,714,716,719,721,723,727,729,730,731,737,744,748,752,755,756,758,759,760,765,769,770,775,776,778,780,781,782,785,786,787,789,792,793,794,802,803,804,805,808,809,811,812,813,814,815,816,817,819,820,821,824,828,830,832,833,834,838,839,841,843,845,846,847,851,852,854,855,856,857,858,860,861,862,863,864,865,867,872,873,875,876,879,880,881,882,883,886,891,893,894,897,899,900,901,902,905,906,909,918,930,932,942,943,945,954,956,958,960,961,963,965,967,971,972,975,978,981,983,984,986,988,990,991,992,993,994,995,996,997,998,999,1001,1002,1004,1006,1007,1009,1016,1017,1019,1024,1026,1028,1029,1030,1031,1039,1040,1042,1043,1046,1049,1051,1052,1054,1057,1059,1060,1062,1064,1065,1066,1070,1073,1080,1081,1082,1085,1088,1090,1091,1092,1095,1097,1098,1101,1103,1104,1105,1107,1108,1109,1110,1111,1115,1117,1118,1120,1122,1123,1124,1126,1127,1128,1129,1133,1134,1136,1141,1143,1145,1146,1147,1150,1156,1158,1161,1162,1174,1176,1177,1179,1182,1183,1184,1190,1192,1195
2018-01-01 00:00:00+00:00,86.14,,,,3723.8800000000015,2580.46,1975.06,3099.33,47.5,,24.88,,,24.88,,538.25,,25.02,53.76,,1111.24,,191.54,23.75,2570.5199999999995,,,8.75,23.75,23.75,422.02,266.29999999999995,,,47.5,,130.0,12.5,142.5,47.5,,,,,,,13.75,,,,,,29.88,5268.38,,9.8,7.5,9.8,,4.9,,,17.5,3228.9999999999995,560.22,1593.2400000000005,,,381.12,,,406.2,2285.34,,18.75,12.25,12.5,,88.56,,2040.8,,,3.675,6.25,237.92,23.75,,1761.523,,,,2.5,,51.16,48.06,,,,,,,24.5,,,8.75,22.5,524.22,49.1,25.51,404.78,23.275,,,285.0,,1067.1999999999998,,18.0,23.275,,23.75,159.39999999999998,,,166.25,116.0,,44.0,617.3000000000001,49.8,,24.88,,,,25.74,,46.75,23.75,19.6,25.0,,22.0,22.0,22.88,22.05,,,,,22.5,1067.05,4000.0500000000006,66.0,868.2400000000001,260.15,22.0,,110.0,127.74,66.0,24.34,,,47.5,,45.0,22.5,8.575,15.0,,,45.0,60.080000000000005,23.275,23.0,912.0,18.0,13.75,,287.4,,23.75,,96.6,23.275,,,1848.3499999999997,24.0,,66.0,1125.0,,44.0,125.2,22.0,630.6800000000001,502.86,299.81,,,,28.5,,,10.5,72.0,,,,57.0,,28.5,,24.0,28.0,27.0,,43.94,,28.5,27.0,1063.4,,,3397.7,1237.14,2089.98,,19.48,,9.0,7.0,22.5,,956.61,28.5,,923.722,30.98,2794.89,27.0,,153.44,,460.54,41.28,,,,212.4,,1410.7600000000002,3472.8200000000006,62.400000000000006,275.61,32.25,65.44,,,,28.0,,,28.5,16.5,24.94,253.24,1380.8299999999997,,,123.1,29.88,,,1155.2600000000002,57.0,,59.78,,,,2396.418,153.06,24.0,,1339.4899999999998,24.0,,,,,,193.92,,655.6600000000001,1192.62,,537.76,24.5,,,596.6800000000001,48.0,24.5,24.0,,,,,,,,,90.0,45.0,,822.665,209.0,566.236,,1098.902,12.25,561.1600000000001,11.25,71.74,,1144.0,506.0,298.36,,,,47.0,46.42,,,,75.19999999999999,,17.15,50.0,,21.25,48.0,76.6,,150.26,100.22,38.16,23.8,521.78,,8.0,,,118.18,90.03999999999999,10.0,72.0,,,46.06,,,,,,1197.36,593.86,201.56000000000003,272.94000000000005,50.0,3699.76,436.36,277.84,,,71.0,391.9800000000001,2071.85,20.0,233.3,13.475,22.5,24.5,297.37999999999994,827.02,5846.483,1813.1,,,,23.75,23.75,20.0,60.0,14.7,8.75,98.64,,,46.25,15.925,11.25,103.0,,,,,,2327.919999999999,1927.58,3787.920000000001,,,47.8,115.2,1016.22,,76.8,377.02,144.0,96.0,2165.52,2284.98,45.0,,5.0,42.5,23.75,,26.54,71.9,25.28,24.02,71.0,169.96,485.58,23.75,313.37999999999994,11.025,,48.0,,264.5,69.96000000000001,23.75,49.66,,121.68,90.92000000000002,,510.62,47.64,235.34,,8.575,26.25,,,,23.75,,,,24.0,,,211.1,743.7,23.75,8065.950000000002,,46.95,,47.5,,273.74,47.5,472.98,,20.0,,24.5,151.32,,,,,,,,,,,,
2018-02-01 00:00:00+00:00,64.36,25.62,23.75,58.8,3191.390000000001,1983.79,1801.28,2849.8499999999995,71.25,23.75,50.34,,,,,419.3999999999999,,74.48,51.6,,997.76,,109.64,71.25,2229.56,,12.25,,17.5,23.75,313.2,211.76,,11.025,60.0,,106.25,12.5,,23.75,,,,,,71.25,,,,,,,30.78,5500.88,,,,,,,25.0,,,2755.1000000000004,474.4,1392.38,25.0,,384.3,,,416.7600000000001,2042.2000000000005,34.3,12.5,,,,143.76,,1752.2,25.0,,,8.75,210.58,,,1431.292,,,,,,126.46,75.38,,,,,6.125,,24.5,,,,5.0,447.14,23.84,26.34,375.96,23.275,,,332.5,25.0,754.3499999999999,4.9,14.0,,12.0,23.75,84.16,,2.45,163.75,118.0,22.5,44.0,568.0600000000001,24.78,,25.18,,,,25.0,23.275,,23.75,14.7,7.5,,22.0,,23.2,21.25,,,,21.25,65.7,598.2,2262.85,44.0,789.9599999999999,182.25,22.0,,110.0,183.75,,24.28,,,25.0,,45.0,,,23.75,24.5,,90.0,59.64,23.275,23.0,863.0,,45.0,22.0,129.2,,,,47.28,,23.75,,156.25,,,66.0,1035.0,,,225.3,,647.06,423.86,270.44,,,,28.5,14.92,,16.5,,79.8,28.0,28.5,57.0,,,27.0,22.0,84.0,27.0,30.3,9.58,,,,814.38,30.58,28.02,2924.1599999999994,1121.0,1534.56,31.24,,,,,,,566.07,,,767.34,,2139.01,,,121.68,22.0,612.3799999999999,62.56,1205.09,1649.099,28.02,148.64999999999998,,1257.68,3322.49,94.46,299.84,63.75,187.39,,12.0,,,28.0,,45.0,,24.3,,1044.74,24.94,,123.76,,,,248.86,57.0,,29.96,28.5,,12.0,2093.771,153.66,,,1260.3200000000002,,,,,,,242.1,,528.34,895.46,,295.46,,25.0,163.0,561.94,24.0,24.5,,27.0,,,,,27.5,23.75,,45.0,45.0,46.55,992.883,335.0,487.1230000000001,,1121.29,12.25,547.6999999999999,,169.92,45.64,462.0,198.0,197.0,,,,24.0,69.60000000000001,,,,25.16,,,31.25,72.0,,47.5,51.68,25.02,125.36,102.08,19.14,,668.84,,4.0,48.0,,88.80000000000001,179.6,10.0,23.0,23.96,45.98,23.26,8.75,15.0,,,3.75,2076.84,,227.38,24.92,25.0,2501.06,370.96,103.4,,24.04,93.0,343.3800000000001,2104.246,20.0,252.88,,23.75,49.0,195.06,475.00000000000006,5604.253000000001,1652.2200000000005,,,23.275,23.75,,40.0,,,23.75,48.42,23.75,,17.5,,,48.0,3.675,43.75,,,,2256.6800000000003,1627.6,3040.16,,,25.1,96.0,1051.7399999999998,,76.8,429.75999999999993,120.0,117.0,2192.460000000001,3314.59,47.5,,,47.5,,,25.2,44.88,,23.98,72.0,170.22000000000003,631.2599999999999,,168.94,,,48.0,,180.24,49.3,23.75,49.38,,72.24,47.04,,473.36000000000007,24.44,155.74,36.22,,22.5,,,,23.75,,,24.54,,,47.5,,270.14,23.75,6621.4,36.0,87.5,,25.0,,291.92,,411.3799999999999,,23.75,24.5,,24.96,,,,,,,,,,,,
2018-03-01 00:00:00+00:00,88.6,25.04,,,3532.5999999999995,2457.8100000000004,2004.08,2882.5399999999995,47.5,23.75,49.58,,,24.34,,832.78,,49.22,24.68,,740.3000000000001,12.5,164.14,47.5,2674.0999999999995,,12.25,23.75,47.5,23.75,592.8999999999999,237.08,,,47.5,,158.75,31.25,142.5,95.0,,,,,,,,,,,,,29.56,4772.4400000000005,15.0,,15.0,9.8,11.25,,,7.35,13.75,3111.5,565.24,1566.16,,,385.94000000000005,,,354.02,2182.6800000000003,11.025,12.5,12.25,10.0,58.52,117.9,,1644.58,,15.0,8.575,10.0,208.78,,6.25,993.616,,,,,,99.9,125.54,,,,,,8.75,,,,,,511.86000000000007,48.86,,325.2,23.275,,,475.0,128.65,984.75,15.925,,23.275,,23.75,300.66,,,230.0,151.0,,22.0,519.2800000000001,,20.0,49.98,,,531.56,,23.275,23.0,,7.35,15.0,,,44.0,19.44,,,,,,,728.4499999999999,2826.8499999999995,154.0,925.89,312.2,44.0,,44.0,106.11,44.0,,22.5,,25.0,,,22.5,,,,,112.5,70.17999999999999,23.275,,1248.0,22.0,23.75,,269.0,17.0,,6.0,73.08,,,,1067.9,22.0,,88.0,1125.0,,22.0,178.05,22.0,799.8400000000001,520.0600000000001,173.14,,,,,14.98,,24.0,48.0,,,85.5,57.0,,,,39.0,56.0,27.0,30.48,38.96,27.0,,,1116.0800000000002,25.0,,3129.62,1660.56,1656.62,50.12,,,12.0,4.2,16.5,6.0,807.9599999999999,28.5,,1615.763,,1814.27,27.0,,121.6,,810.0200000000001,68.3,1982.795,2786.567,,211.94,,1111.23,3674.269999999999,242.52,177.2,222.08,333.47,,,,28.0,47.6,,85.5,,25.0,276.1,1210.6,24.86,,140.3,29.84,,,212.22,57.0,,54.92,28.5,,12.0,2337.6620000000003,92.1,,,1504.36,,,,,,,287.61999999999995,20.0,591.1,1061.51,24.0,174.78,11.025,,449.0,579.44,24.0,,,,,,,,17.5,,,90.0,45.0,69.82499999999999,980.12,192.0,718.2639999999999,,743.328,12.25,426.86,,311.84,,968.0,462.0,173.24,,,,48.0,116.16,,,,25.14,,4.9,22.5,36.0,,48.0,104.32,,124.38,95.28,19.12,,794.4599999999999,,4.0,24.0,,54.18,91.08,10.0,48.0,139.66,408.38,23.24,8.75,15.0,,,3.75,2273.96,225.15,201.04,,50.0,3719.2200000000007,434.14,,,,95.0,438.94000000000005,1794.134,,202.2,12.25,,24.5,145.12,608.84,5580.7,1794.86,23.75,24.0,24.5,23.75,23.75,40.0,80.0,,,95.76,23.75,,40.0,,,120.0,,,,,,2599.7800000000007,1991.94,2945.680000000001,,,75.44,133.6,,,76.8,368.42,72.0,96.0,87.05,4227.35,23.75,23.75,,23.75,,,26.7,69.82000000000001,25.14,48.14,48.0,121.34,508.44,23.75,167.16,11.025,,96.0,,134.34,95.12,,74.9,,96.5,94.08,,266.96000000000004,71.03999999999999,258.88000000000005,53.58,,,24.0,,,23.75,,,23.2,,,23.75,,544.8000000000001,23.75,7925.600000000001,24.0,40.55,,23.75,,221.58,23.75,361.24,10.0,20.0,,24.5,152.6,,,,,,,,,,,,
2018-04-01 00:00:00+00:00,67.0,,,19.56,2323.26,2085.88,1862.26,3008.65,71.25,,25.4,,23.75,48.84,,436.1,,50.22,52.84,,407.38,36.25,218.36,47.5,2397.96,24.5,,,12.5,,385.96,376.64,,,,,162.5,27.5,71.25,47.5,,,,,,96.75,20.0,,,,,,29.52,4893.139999999999,,6.125,25.0,9.8,5.0,,,,,2091.8,537.7,1653.9400000000005,,,1302.66,,25.0,385.96,1568.1599999999996,4.9,12.5,12.25,12.5,1694.52,117.96,,,,,3.675,13.75,176.52,,,1144.61,,,,,,99.98,73.88,,,,,7.35,23.75,24.5,,,5.0,,365.8399999999999,24.92,24.53,276.4,23.275,,,427.5,175.15,884.5999999999999,,33.0,,,,237.86000000000004,23.75,3.675,128.75,115.0,,22.0,419.88,,,24.88,,23.75,1155.2399999999998,24.89,,23.75,23.75,,,49.0,22.0,22.0,,22.5,,,,21.25,67.5,885.4499999999999,2147.15,44.0,993.6,286.15,22.0,,88.0,130.18,88.0,24.4,,,,,22.5,,11.025,12.5,23.275,24.0,67.5,45.2,,23.0,528.0,18.0,22.5,22.0,182.7,,,,72.58,23.275,,,1613.9499999999998,,,66.0,945.0,,,100.05,,496.4,401.1400000000001,214.08,,,,28.5,14.96,,15.0,48.0,28.0,,28.5,57.0,,,,22.0,56.0,27.0,60.18,29.7,,28.5,27.0,974.3,88.80000000000001,,3330.42,1207.5599999999995,1736.38,32.16,19.84,28.5,6.0,9.8,16.5,,907.38,,,1244.178,,1794.7799999999995,,,123.6,,798.8,83.96,1832.922,2827.428,,218.08,,1355.9599999999998,3461.0599999999995,151.84,487.19,62.8,384.52,,,,,28.0,,28.5,,24.2,372.80000000000007,961.02,,11.0,121.4,30.02,,,1045.54,28.5,,60.18,,,,1490.2679999999998,122.54,24.0,,1180.97,24.0,,,,,,287.8,25.0,572.78,388.72,48.0,286.66,35.525,,597.0,579.64,24.0,24.5,24.0,,,,,,,,,90.0,45.0,46.55,634.8839999999999,263.0,470.954,,864.982,,489.66,,73.5,24.1,704.0,396.0,248.16,,,,48.0,92.0,,,18.75,43.22,,,22.5,36.0,,12.0,76.7,,126.96,176.52,19.18,,672.7800000000001,,8.0,41.0,23.7,87.88,118.78,,48.0,118.22,274.22,23.18,8.75,7.5,,,,2336.14,200.77,199.1,24.08,50.0,3385.94,439.48,,,24.04,94.0,384.4200000000001,2074.6000000000004,,223.36,12.25,,,241.86,561.16,6250.33,1215.96,,,12.25,35.0,,,80.0,7.35,16.25,48.38,23.75,,21.25,6.125,5.0,72.0,3.675,20.0,11.025,12.5,,2270.3,1901.88,3756.7,,,44.44,76.8,1256.422,,57.6,398.3800000000001,72.0,72.0,2428.28,3475.445,47.5,,,23.75,13.75,,26.8,48.04,,23.58,96.0,145.44,410.16,23.75,175.8,,,94.0,,241.45999999999995,74.34,23.75,73.1,,95.1,93.42,,404.41,46.88,78.0,36.02,,22.5,,,,,,,22.96,24.0,,,,697.3599999999999,23.75,7778.76,96.0,,,,,247.58,23.75,361.62000000000006,,40.0,,24.5,25.08,,18.0,,,,,,,,,,
2018-05-01 00:00:00+00:00,83.41999999999999,25.46,23.75,19.44,3177.5600000000004,2241.55,2225.6400000000003,712.13,40.0,,51.02,,,23.98,,1346.33,,100.0,80.06,23.75,926.58,47.5,137.02,71.25,2553.34,,15.925,27.5,42.5,23.75,555.8000000000001,363.64,23.75,,82.5,12.5,188.75,25.0,95.0,47.5,,,,,,23.75,,,,,,,30.34,3641.86,20.0,,23.75,4.9,5.0,9.8,15.0,7.35,13.75,2488.88,506.88,1534.3,25.0,,1361.0,,,415.36000000000007,2533.24,6.125,16.25,,,3277.14,145.34,,,,12.5,,,207.64,,,999.3399999999998,,,,,,25.48,73.62,,,,,,,24.5,,,5.0,,512.3000000000001,48.7,25.26,356.77,23.275,,,427.5,104.05,1066.95,,,30.625,16.0,23.75,243.54,,,190.0,120.0,22.5,44.0,467.64,149.2,20.0,49.32,,,,26.13,23.275,23.0,23.75,7.35,15.0,118.82500000000002,22.0,,,,,,22.0,,65.7,936.3,3730.500000000001,44.0,870.88,390.2,44.0,,44.0,129.41,66.0,49.14,,,48.75,40.0,,,,,,,112.5,40.1,23.275,23.0,479.0,,11.25,44.0,236.3,,23.75,,45.2,,,,1560.7499999999995,,,154.0,1192.5,,66.0,230.05,22.0,800.74,422.86,209.53,,,,28.5,,,31.5,96.0,51.8,,85.5,85.5,,28.5,27.0,44.0,56.0,27.0,31.01,51.76,27.0,28.5,,756.5200000000001,61.74,,3493.48,1539.2200000000005,1462.6999999999996,32.0,,,,65.8,16.5,4.0,909.18,,,,28.97,1909.78,27.0,,121.9,,928.2,80.52,1710.15,2670.3,,245.76,,1455.2200000000005,2800.0600000000004,124.12,588.5,94.85,419.87,,,,56.0,65.8,,90.0,,24.84,379.12,1176.06,25.0,,123.22,29.96,,,1254.48,28.5,,59.900000000000006,28.5,,12.0,2147.03,182.82,,,1370.5400000000004,,,,,,,335.48,,611.4599999999999,1072.32,,71.68,,23.75,377.0,541.3199999999999,24.0,,24.0,27.0,,,,,,23.75,,45.0,45.0,46.55,768.5880000000001,187.0,426.685,1.0,722.655,,451.16,,93.62,,1188.0,594.0,198.74,,,,48.0,23.06,,,,50.6,,,32.5,90.0,,,25.38,,101.6,,18.98,,731.9,,4.0,,,87.2,89.66,,,140.82,224.46,23.0,5.0,20.0,22.5,,,2771.94,,288.84000000000003,47.58,50.0,3865.1399999999994,386.22,25.66,,,90.0,651.4799999999999,2204.54,,246.46,17.15,23.75,24.5,196.94,669.72,5954.792,1258.18,,,24.5,,,60.0,80.0,3.675,20.0,72.03999999999999,23.75,,23.75,,22.5,120.0,,23.75,,,,2426.5000000000005,2135.5800000000004,3631.900000000001,23.75,,45.46,115.2,1182.412,,57.6,416.56,72.0,96.0,2364.399,4189.25,,23.75,,47.5,,,26.74,65.62,,46.84,48.0,143.58,363.24,,145.2,11.025,,120.0,24.0,234.9,66.56,,72.7,,96.06,90.18,,381.68,46.98,182.28,18.08,8.575,15.0,24.0,,,47.5,,,22.82,,,,,695.3199999999999,,5611.94,12.0,45.65,,,,242.54,23.75,446.82,,20.0,24.5,24.5,76.88,,35.25,,,,,,,,,,
2018-06-01 00:00:00+00:00,87.04,25.02,,59.28,3299.7999999999997,2361.76,1881.8,2823.93,71.25,23.75,50.260000000000005,,,24.24,,691.4,23.75,75.12,25.66,,1143.42,23.75,109.42,47.5,2449.82,24.5,36.75,35.0,47.5,,513.5799999999999,337.46000000000004,,,,,177.5,12.5,118.75,118.75,,,,,,71.25,,,,,,,,3459.1,,2.45,17.5,,,,,,,2323.4,505.3199999999999,1627.3000000000002,,,354.3,,,273.06,1696.52,29.4,16.25,17.15,,3782.880000000001,147.22,,,,15.0,,,205.92,,,1582.6279999999997,,,389.56,5.0,,,98.98,,,,,8.575,,,,,5.0,,442.3399999999999,24.2,25.21,375.77,23.275,,,380.0,125.0,728.2,11.025,,,,,299.08,,,237.5,166.0,22.5,,693.92,49.72,20.0,24.9,,,625.23,25.14,,23.75,23.75,4.9,17.5,45.325,66.0,22.0,21.84,22.05,,,,21.25,44.1,1092.3,2829.3,,1035.16,286.2,22.0,,88.0,127.6,110.0,24.32,,,48.75,,,,46.55,23.75,24.5,,90.0,80.0,23.275,23.0,763.0,18.0,,44.0,287.25,,15.0,8.0,48.94,,47.5,,1717.6499999999996,,,66.0,652.5,,88.0,50.0,22.0,703.56,400.52,432.3,,,,28.5,15.0,,22.5,96.0,,,57.0,57.0,,,,48.0,56.0,27.0,91.9,39.67999999999999,,28.5,,249.38,30.72,,3527.24,922.57,1371.54,,21.09,28.5,16.5,,28.5,,658.5800000000002,22.5,,,,1625.0100000000002,27.0,,125.4,,931.34,62.88,1767.65,2361.578,,248.54,,1324.58,2909.04,282.5,271.74,98.46,163.58999999999995,,,,56.0,28.0,,85.5,,25.08,566.52,951.22,,,125.5,29.96,,,1540.0000000000005,57.0,,59.760000000000005,,,,1950.027,184.24,24.0,,1254.14,,,,,,,285.48,,501.3,957.66,,201.18,,25.0,473.0,600.4799999999999,24.0,,24.0,,,,,,41.25,,,67.5,45.0,46.55,623.115,288.0,360.854,,861.8580000000001,12.25,467.98,10.0,120.44,24.76,902.0,374.0,199.12,,,,70.0,140.22,,,,50.72,,2.45,11.25,,21.25,,102.54,25.14,75.0,126.36,38.2,,1087.4199999999998,,4.0,,24.38,87.4,207.4,10.0,72.0,142.28,334.88,23.02,7.5,18.0,,,2.5,2234.48,803.15,264.34000000000003,,50.0,2898.4,393.32,154.02,,23.42,70.0,372.3200000000001,2028.6700000000003,,178.12,,21.25,24.5,369.24,786.0799999999998,5939.659000000001,1708.3200000000004,,24.4,24.5,47.5,20.0,20.0,80.0,9.8,13.75,73.03999999999999,23.75,,46.25,4.9,7.5,72.0,,,,,,2341.58,1968.66,3153.38,,,46.34,76.8,1068.065,,38.4,351.86,118.0,94.0,2552.761,3346.99,47.5,23.75,,23.75,23.75,,26.42,47.84,25.14,24.0,119.0,146.48000000000002,367.5400000000001,,73.18,,,24.0,,209.02,24.5,23.75,74.30000000000001,19.2,147.66,73.44,,343.79999999999995,70.6,180.72,54.1,11.025,10.0,48.0,,,23.75,,,23.4,24.0,,23.75,,746.1500000000001,,10740.71,12.0,,,,,273.0,23.75,476.9,,,,,100.36,,36.0,,,,,,,,,,
2018-07-01 00:00:00+00:00,108.06,25.08,,59.67999999999999,3483.4200000000005,2658.11,1972.52,3165.7300000000005,95.0,,75.5,,,48.62,,578.53,,75.72,25.04,,1026.88,,135.72,47.5,2481.36,,,23.75,,23.75,407.9,396.42,,18.375,95.0,5.0,146.25,20.0,142.5,95.0,,,,,,47.5,20.0,,,,,,,4316.960000000001,,3.675,8.75,14.7,10.0,,32.5,4.9,16.25,4144.12,531.6200000000001,1390.56,25.0,,322.1,,25.0,524.3399999999999,2402.2200000000003,,20.0,,,4004.02,203.5,,,,8.75,7.35,,206.68,,,967.9600000000002,,,747.1199999999999,,,75.74000000000001,123.72,,,,,8.575,,,,4.9,,,442.7800000000001,24.88,25.34,354.36,46.55,,,427.5,52.05,806.1999999999999,,22.0,,,,417.08,,,71.25,96.0,21.7,66.0,321.42,75.52,20.0,25.38,24.24,,1078.39,25.8,23.275,23.0,,,,23.275,88.0,44.0,,22.5,,,,22.5,44.1,884.2,2259.3500000000004,154.0,961.5,286.3,44.0,,176.0,152.93,88.0,,22.5,,23.75,40.0,45.0,,,23.75,,,90.0,59.98,23.275,23.0,480.0,22.0,22.5,22.0,261.15,,,,73.96000000000001,,,,1660.55,,,66.0,832.5,,110.0,155.25,22.0,447.92,555.16,194.84,,,,28.5,14.98,,10.5,72.0,51.8,,57.0,57.0,,28.5,,24.0,56.0,27.0,59.97,40.06,27.0,28.5,27.0,371.8,,30.51,3250.9,1104.2399999999998,1713.0,,,,,28.0,,,934.66,28.5,,,,2050.61,,,154.7,,1009.44,62.02,1778.79,2507.125,29.83,154.98,,1410.15,2055.64,280.64,245.96,65.0,160.6,,12.0,,42.0,56.0,,45.0,28.5,24.84,1563.88,923.0,24.82,,127.42000000000002,29.82,,,1393.02,57.0,,30.56,28.5,,12.0,2389.272,184.38,,,1368.58,24.0,,,,,,263.54,25.0,580.3,928.94,,199.54,24.5,,545.0,446.68000000000006,24.0,,48.0,27.0,,,,,32.425,,,45.0,45.0,23.275,1019.262,281.0,437.569,,1008.183,18.375,496.72,,204.54,,858.0,462.0,370.98,,,,69.0,92.42,,,,49.8,,4.9,23.75,,,12.0,25.32,25.92,149.76,75.5,19.08,,1164.48,249.18,,24.0,24.24,88.02000000000001,268.38,10.0,72.0,93.74,295.2,69.28,25.0,,,,3.75,1285.88,599.86,147.42000000000002,,25.0,3137.1600000000003,395.8200000000001,,,,94.0,396.06,2353.92,,228.79999999999995,24.5,23.75,24.5,559.3400000000001,927.0800000000002,5635.026999999999,2205.88,,,12.25,35.0,,20.0,40.0,12.25,10.0,95.74,23.75,,23.75,6.125,6.25,96.0,4.9,18.75,,,,2328.12,2161.26,3846.58,,,50.56,76.8,1044.366,,57.6,350.46,72.0,92.0,2375.359,3411.59,22.5,23.75,,,23.75,,53.06,72.0,,24.02,24.0,123.56,438.68,23.75,97.6,11.025,,72.0,,233.88,72.48,23.75,72.6,,99.08,47.84,,241.94,49.34,78.16,,,,48.0,,,,,,22.86,,,47.5,,740.4200000000002,23.75,8275.62,36.0,44.25,,,,198.82,23.75,333.40000000000003,10.0,20.0,,,76.94,,54.0,,,,,,,,,,
2018-08-01 00:00:00+00:00,85.1,25.2,,58.760000000000005,3554.7200000000003,2656.0,2010.68,3290.9600000000005,47.5,23.75,50.56,75.8,,24.92,,1178.56,,99.78,51.44,,1195.4,23.75,132.98,23.75,2612.68,,,23.75,21.25,23.75,336.36,369.34,,,23.75,,63.75,7.5,142.5,,,,,,,,,,,,,,,5250.24,,,40.0,,,12.25,,4.9,12.5,3477.0,532.0,1564.88,25.0,,377.14,,,350.82000000000005,2620.62,19.6,,7.35,12.5,3603.88,145.26,,,,,,,88.5,,,1496.709,,,1373.86,,,100.76,99.9,,,,,,22.5,,,,10.0,,420.84,24.58,,302.53000000000003,23.275,,,451.25,78.05,858.2,,,20.825,16.0,23.75,196.93,,4.9,208.75,115.0,,,615.82,124.82,,,,27.5,,,,,23.75,,22.5,24.5,44.0,22.0,22.66,22.5,,,,22.5,44.1,936.25,3044.06,22.0,1204.1,312.45,44.0,,66.0,129.87,88.0,24.54,,,,,,22.5,23.275,,23.275,,67.5,38.82,,23.0,406.0,20.0,22.5,22.0,210.4,,23.75,,48.7,,,,1544.6,,,44.0,1102.5,,66.0,182.05,22.0,599.9,474.7799999999999,343.08000000000004,,,,,,,7.5,48.0,,28.0,57.0,,,,,,28.0,,,49.22,,,,644.4699999999998,,,3673.4700000000007,1117.0800000000004,1716.4299999999998,63.260000000000005,,,,,28.5,,920.59,,,,,1755.1599999999996,27.0,,31.32,,1060.54,62.42,1737.15,2460.313,,123.68,,1370.86,2811.4999999999995,274.63,176.01,61.66,405.6,,,,28.0,28.0,,28.5,,,1202.4,947.28,,11.0,119.22,,,,1662.9999999999998,,,59.64,,,,2451.279,235.72000000000003,24.0,,1300.86,,,,,,,327.50000000000006,,577.58,814.58,24.0,151.52,,25.0,213.0,422.9799999999999,24.0,24.5,,,,,,,47.5,,23.75,90.0,45.0,69.82499999999999,735.161,354.0,444.459,,852.8489999999999,,645.08,,91.22,,1012.0,528.0,247.14,,,,71.0,92.06,,,,50.6,,4.9,40.0,,,36.0,51.2,,126.64,151.60000000000002,19.06,,1607.4999999999998,472.0999999999999,8.0,8.0,23.22,83.16000000000001,29.96,,72.0,118.98,276.38,23.04,43.75,5.0,,,6.25,2223.0,1132.5250000000003,151.5,,75.0,3001.520000000001,504.48,,,,48.0,466.14,2484.84,40.0,162.5,12.25,23.75,24.5,534.96,812.1399999999998,6217.984,1512.9600000000005,13.75,24.66,,,,80.0,,,,88.32,23.75,,,,23.75,72.0,,,11.025,12.5,,2363.86,2187.26,4017.8,,,95.44,76.8,1107.444,,57.6,593.2799999999999,143.0,95.0,2464.175,4199.1,22.5,,5.0,42.5,,,25.84,48.04,,47.62,24.0,147.4,267.24,23.75,246.28,,,48.0,46.0,271.32,48.68000000000001,23.75,74.84,,148.66,112.12,,259.4,66.94,129.48,18.14,,22.5,,,,23.75,,,24.64,,,,,693.22,,9271.78,36.0,,,23.75,,216.0,,474.68,,20.0,,24.5,51.0,,36.0,23.75,,,,,,,,,
2018-09-01 00:00:00+00:00,91.0,,,19.76,3363.78,2261.84,1684.9,3228.59,118.75,,102.26,24.66,23.75,49.04,,866.6999999999999,,74.46000000000001,26.18,23.75,953.2,23.75,161.01999999999998,95.0,1568.2200000000005,,,,23.75,,258.44,336.5799999999999,23.75,12.25,101.25,6.25,77.5,17.5,,47.5,78.4,,,,,47.5,,,,,,,,4589.839999999998,,,,,,,,,,2871.6,472.2399999999999,1182.3,,,322.32,,25.0,532.66,1900.36,6.125,17.5,,,3636.62,112.92,,,25.0,,2.45,5.0,179.54,23.75,2.5,703.84,,,269.16,,,126.18,148.14,,,,,6.125,,,,4.9,5.0,10.0,124.82,49.620000000000005,25.03,299.35,23.275,,,427.5,,780.3,4.9,14.0,23.275,,23.75,241.9,23.75,,190.0,163.0,,22.0,469.42,49.8,,25.16,24.94,,,24.73,,23.75,47.5,,,24.5,44.0,66.0,,44.55,,,,,,988.15,2467.45,22.0,981.2799999999996,338.05,22.0,,88.0,157.07,88.0,24.38,,,23.75,40.0,45.0,22.5,11.025,36.25,,,112.5,59.86,46.55,23.0,864.0,22.0,45.0,22.0,107.25,,,,48.76,,,,1960.2,,,44.0,967.5,,66.0,127.1,22.0,426.9,773.72,240.05,,,,28.5,14.98,,,48.0,22.4,,28.5,85.5,,,,23.0,56.0,27.0,121.96,44.08,,28.5,,908.36,,,2998.36,1040.7,1340.3599999999997,93.56,20.96,,21.0,28.0,,,938.06,,6.0,,,1413.9299999999998,,,87.24,,837.9399999999998,62.760000000000005,1605.9,2206.061,,181.8,,1319.76,3254.28,246.54,275.71000000000004,97.7,391.05000000000007,,,,56.0,28.0,,57.0,,24.94,247.58,648.0000000000001,,,124.4,29.94,,,1453.9200000000003,57.0,,63.02,,,,2016.947,214.72,,31.16,1280.4,,,,,,,213.76,25.0,275.92,810.7100000000002,,202.36,,,356.0,532.68,,14.7,29.0,27.0,,,,23.75,23.75,,42.5,45.0,67.5,46.55,902.388,276.0,408.769,,860.883,,526.76,,96.06,,1518.0,660.0,247.08,,,,48.0,115.12,,,,25.56,,4.9,36.25,18.0,21.25,24.0,102.8,,100.08,151.58,19.08,24.5,967.84,124.22,,,,83.84,120.88,30.0,47.0,70.9,321.34000000000003,23.18,,12.0,,,,2939.2600000000007,527.1600000000001,267.98,24.62,50.0,3187.6800000000003,392.9,,,24.08,70.0,270.55999999999995,1828.2000000000005,,242.0,,23.75,,365.1,653.84,5650.894,1675.24,,,36.75,35.0,,,,15.925,7.5,48.36,23.75,,23.75,,,,7.35,16.25,,,,2641.6000000000004,1978.52,3335.2000000000003,23.75,,49.26,96.0,1210.704,,57.6,324.40000000000003,144.0,120.0,2465.545,3298.7499999999995,22.5,23.75,,23.75,,,,24.06,25.46,23.18,47.0,121.36,291.72,23.75,322.44,11.025,,47.0,,97.16,69.44000000000001,,24.7,,50.26,95.2,,235.16000000000005,,126.68,17.86,,12.5,,,,,,,,,,71.25,,616.4999999999999,23.75,7105.8200000000015,24.0,,,,,173.20000000000002,23.75,366.18,,20.0,24.5,,102.62,,18.0,,,,,,,,,,
2018-10-01 00:00:00+00:00,90.62,25.32,,39.4,3778.23,2568.729999999999,1950.32,4256.49,95.0,23.75,76.03999999999999,98.98,23.75,24.82,,1166.9000000000003,23.75,75.62,53.76,23.75,1188.64,23.75,215.6,47.5,1763.6800000000003,,36.75,11.25,37.5,23.75,555.58,425.54,,,47.5,,93.75,25.0,118.75,47.5,164.98000000000002,,,,,50.0,,,,,,,55.52,4991.700000000001,,,,,,,,,,3229.8,533.04,1375.94,,,581.7,,,565.3199999999999,1913.56,,21.25,,,4806.579999999999,146.83999999999995,,,,,,,208.2,,,619.6,,,599.78,6.25,,150.23999999999998,100.68,,,,,,,,,,,,195.8,,25.16,280.76,23.275,,,285.0,,780.01,13.475,24.0,,,,226.81000000000003,,,213.75,156.0,22.5,66.0,492.1799999999999,173.38,20.0,50.2,,,974.97,24.65,23.275,23.0,23.75,4.9,17.5,,22.0,44.0,,,,,,22.5,88.19999999999999,1170.1999999999998,3700.15,22.0,1034.8000000000002,338.0,44.0,,66.0,150.53,66.0,,,,23.75,,,,69.82499999999999,,23.275,24.0,67.5,59.88,23.275,23.0,742.0,22.0,38.75,,263.65,,,,48.58,,,,1602.9,,,66.0,1192.5,,66.0,177.05,,625.14,402.3799999999999,244.29,,,,28.5,,,21.0,96.0,53.2,,,57.0,,,25.5,22.0,56.0,27.0,30.5,36.52,27.0,,27.0,1346.22,29.32,,3345.0,1108.08,1238.0,61.22,,,12.0,,,,1240.56,,,1793.37,29.97,1969.8500000000008,27.0,,117.72,,889.98,63.02,1851.0,2340.4990000000003,,184.38,,1541.0700000000002,3576.61,246.82,274.07,65.55,63.900000000000006,,12.0,,56.0,42.0,,85.5,,24.84,306.58,935.7,25.0,,156.32,29.88,,,1482.9599999999994,28.5,,61.32,,,12.0,2083.02,183.26,24.0,30.92,1364.6399999999994,24.0,,,,,,308.14,,178.36,891.74,22.0,444.1599999999999,23.275,,419.0,478.2000000000001,24.0,,,,,,7.35,16.25,47.5,,71.25,135.0,45.0,46.55,771.947,286.0,486.272,,1186.638,,556.8599999999999,,120.12,,1034.0,660.0,198.3,,,,46.0,69.34,,,18.75,40.14,,,17.5,,21.25,48.0,96.78,,199.8,101.36,19.12,,1526.7800000000002,598.1399999999999,4.0,,71.84,108.78,151.0,,,95.08,227.7,25.54,,,,,,2117.74,960.9,274.92,278.36,25.0,4015.1600000000017,441.72,,,,70.0,518.2399999999999,1960.14,,218.68,24.5,,24.5,516.46,781.2599999999999,5975.7480000000005,2932.9400000000005,23.75,24.52,12.25,11.25,23.75,,,,,97.86,23.75,,47.5,,,,,,,,,2856.68,2263.0200000000004,4303.34,,,50.5,76.8,1040.14,,57.6,545.9,70.0,94.0,2400.68,3111.13,,,4.0,43.75,,,52.48,44.88,,47.1,72.0,145.1,342.22,,370.84,,,144.0,22.0,286.38,47.0,23.75,50.56,,97.0,116.28,,480.3,46.78,185.1,36.26,,,47.0,,,22.5,,,26.28,24.0,,,,715.48,23.75,8157.299999999999,81.0,,,,,171.01999999999998,23.75,415.34,,20.0,,23.275,76.0,,,,,668.4599999999999,,,,,,,
2018-11-01 00:00:00+00:00,112.7,24.4,,,3391.21,2457.49,1975.4600000000005,3134.11,95.0,,50.24,377.50000000000006,23.75,23.76,,1120.2699999999998,,50.56,104.46,23.75,1133.64,47.5,213.82,47.5,1631.08,,24.5,,66.25,23.75,501.0,333.40000000000003,,,61.25,10.0,172.5,17.5,237.5,118.75,194.12,,,,,,11.25,,,,,,24.98,5451.4,,,,,,,,11.025,12.5,3231.7,528.36,1588.34,25.0,,524.64,,25.0,475.1600000000001,2619.2999999999997,,,8.575,7.5,4234.7,117.5,,,,37.5,,,177.44,,2.5,987.462,,,509.28,5.0,,,,,,,,7.35,,,,,12.5,,400.80000000000007,24.36,24.21,252.35,23.275,,,403.75,104.05,780.1999999999999,4.9,8.0,23.275,16.0,23.75,308.48,,,142.5,144.0,21.7,22.0,445.82,174.38,20.0,24.74,25.14,,683.48,49.41,23.275,46.75,47.5,,45.0,49.0,22.0,22.0,,22.5,,,22.0,,22.5,1118.35,3255.4999999999995,44.0,1014.26,338.05,44.0,,66.0,127.7,44.0,48.72,,,,,22.5,22.5,23.275,,,,67.5,60.1,23.275,23.0,600.0,,22.5,,231.15,18.0,,5.0,38.46,,23.75,,2058.749999999999,,,44.0,967.5,,66.0,127.1,22.0,599.3000000000001,499.3,312.63,,,,28.5,24.86,,30.0,72.0,23.8,28.0,28.5,28.5,,28.5,,,56.0,27.0,29.81,46.82000000000001,,28.5,,1238.86,30.84,,3513.38,1130.55,1259.96,93.9,18.05,,,,28.5,,1075.92,28.5,,1215.825,,1717.63,,24.78,89.89999999999999,,1037.66,41.84,1814.95,2428.827,,247.83,,729.09,3109.820000000001,1109.9599999999998,361.55,64.19,386.56,,,,42.0,28.0,,57.0,16.5,50.2,315.74,853.2,,11.0,125.18,29.86,,,1488.3000000000002,57.0,,61.94,28.5,,,2263.772,182.62000000000003,,,1259.5099999999998,,,,,,,262.68,25.0,325.92,719.58,22.0,361.2,23.275,,329.0,610.6199999999999,,46.55,24.0,,,,,,190.0,,23.75,45.0,22.5,69.82499999999999,835.0930000000001,237.0,434.342,2.0,824.703,12.25,527.1400000000001,10.0,,,1342.0,748.0,224.66,,,,47.0,46.120000000000005,,,,50.44,,1.225,28.75,,0.0,48.0,102.26,48.46,151.42,176.54,19.12,24.5,1508.2999999999995,547.48,4.0,,,116.9,211.04,,,97.26,291.66,23.2,,12.0,,,,2379.4,48.7,200.82,26.1,50.0,3549.699999999999,392.94,,,23.44,142.0,464.62,2704.2200000000003,,243.7,,23.75,24.5,430.86,783.7200000000001,6612.557,3345.8199999999997,,24.68,23.275,47.5,,20.0,15.0,9.8,13.75,74.06,23.75,,42.5,9.8,33.75,,,,,,,2546.82,2017.96,3677.68,,,,76.8,1290.087,,76.8,567.68,168.0,72.0,2483.159,4175.32,23.75,23.75,,23.75,12.5,,25.16,48.02,,23.92,118.0,146.96,290.54,,392.88,23.275,,96.0,,233.18,116.02,,50.24,,121.2,47.24,,388.7999999999999,49.78,153.64,36.1,11.025,11.25,120.0,,,23.75,,,22.48,,,,,706.96,23.75,5619.000000000001,36.0,,,,,169.86,,489.1,,20.0,,,50.42,,,,,585.96,,,,,,,
2018-12-01 00:00:00+00:00,59.68,,,19.7,1680.5600000000002,2788.3500000000004,1866.5600000000004,3754.09,71.25,,76.6,253.2,,24.9,,1593.9600000000005,,101.4,78.6,23.75,823.18,,186.74,47.5,2254.24,,29.4,,47.5,,533.0200000000001,396.32,,11.025,95.0,12.5,53.75,17.5,95.0,47.5,141.57999999999998,,,,,,,,,,,,54.3,2509.72,20.0,,,,,4.9,,,,3097.8,503.5199999999999,1295.0200000000002,,,413.04,,,399.46,1932.54,,,,,3632.82,112.32,,,,,7.35,,119.86,23.75,,638.1800000000001,,,1290.14,3.75,,,74.92,,,,,,,,,,,,393.6,24.38,,180.74,46.55,,,427.5,128.1,884.1999999999999,,,,,,213.66000000000005,23.75,,71.25,72.0,21.7,22.0,296.5,150.74,,49.64,,,,,,,,,,,,44.0,,,,,,,22.5,1118.8,3828.1,22.0,698.92,312.2,66.0,,110.0,106.04,44.0,24.24,,,,40.0,45.0,,23.275,23.75,23.275,,,40.08,23.275,46.0,503.0,18.0,,,227.1,18.0,47.5,5.0,42.34,23.275,,,1900.45,,,66.0,1090.0,,88.0,203.0,22.0,843.56,527.78,224.62,,,,,,,43.5,72.0,28.0,,85.5,57.0,,,,21.0,28.0,27.0,,35.02,27.0,28.5,,1096.4,31.46,32.1,3291.86,1444.0199999999998,1453.78,61.44,,28.5,,42.0,13.5,,1178.84,,,,30.84,1762.28,,,122.6,,737.02,42.0,1946.8,2734.166,30.36,244.89,,1115.38,3358.0800000000004,1404.42,366.58,30.76,378.74,,,,28.0,99.4,,109.5,,24.84,283.72,1026.22,24.86,,93.69,29.94,,,1359.0999999999997,28.5,,62.88,,,12.0,1987.247,183.66,24.0,32.88,1183.0000000000002,,,,,,,330.70000000000005,,348.9,535.9599999999999,24.0,216.8,,,303.0,403.96,24.0,,,27.0,,,,,142.5,,23.75,45.0,45.0,23.275,689.747,118.0,336.056,,789.3789999999999,,321.04,,,,484.0,154.0,199.56,,,,48.0,,,,,25.34,,,12.5,54.0,,48.0,25.6,,124.28,124.44,18.94,,942.82,349.08000000000004,12.0,,23.86,29.2,90.06,10.0,24.0,48.04,268.40000000000003,23.0,10.0,30.0,,,,2305.96,324.96000000000004,198.84,96.4,25.0,2443.0200000000004,456.96,,,,139.0,407.86,1557.62,,299.78000000000003,,13.75,24.5,260.32,535.1999999999999,5629.5740000000005,3748.580000000001,,,12.25,35.0,,40.0,120.0,,,68.12,47.5,,18.75,,23.75,,,23.75,,,,2609.4,1103.9400000000005,4240.96,,,,38.4,1486.66,,57.6,542.32,47.0,96.0,2258.161,3365.35,45.0,,,23.75,,,26.8,48.08,,23.88,24.0,94.79999999999998,310.14,,265.42,,,72.0,,204.32,44.620000000000005,23.75,73.58,,83.66,72.92,,354.1,44.18,127.12,,,,48.0,,,,,,22.8,,,23.75,423.22,694.08,,6944.900000000001,,44.9,129.16,25.0,,124.29999999999998,,484.22,,20.0,,,75.32,,,,79.46000000000001,612.5200000000001,,,,,,,
2019-01-01 00:00:00+00:00,107.82,25.32,23.75,,3185.8500000000004,2633.16,2223.02,3418.6599999999994,71.25,23.75,50.74,476.02,23.75,24.16,,894.4100000000001,,50.74,52.66,23.75,1109.9799999999998,,214.56,47.5,2703.86,,8.575,38.75,,23.75,430.1199999999999,197.08,,,41.25,6.25,35.0,12.5,,,137.94,,,,,47.5,,,,,,,84.22,2609.1,,13.475,20.0,24.5,,,,6.125,10.0,3701.9,740.3000000000001,1439.4,25.0,,1380.9400000000005,,,297.24,2540.0200000000004,,18.75,,,4106.46,118.24,,,,,,,148.2,,2.5,1616.1999999999998,,,750.8599999999999,,,151.5,100.12,,,,,6.125,,,,,,,347.3,25.88,49.27,249.39,23.275,,,427.5,50.0,988.35,17.15,13.0,,,,246.74,,4.9,207.5,164.0,,,525.38,200.72,20.0,25.1,24.08,,,25.93,23.275,,,12.25,10.0,24.5,44.0,44.0,,,,,,22.5,66.6,1196.4500000000005,3566.25,22.0,887.28,364.25,,,88.0,104.13,44.0,,,,48.75,,,,,,,,45.0,74.94,23.275,69.0,888.0,22.0,45.0,,239.0,,5.0,,84.17999999999999,,,,1977.75,,,44.0,1252.5,,110.0,154.0,22.0,870.0000000000002,850.1199999999999,300.24,,,,28.5,14.88,,,48.0,22.4,,28.5,57.0,,,,44.0,56.0,27.0,90.64,46.5,,,,1545.9200000000003,,,3641.8000000000006,1437.5499999999995,1493.74,57.4,,,19.5,,28.0,,997.29,28.5,,,,2038.06,27.0,,92.9,22.0,669.96,62.84,1892.113,2449.6249999999995,,269.58000000000004,,831.9600000000002,3065.540000000001,519.0200000000001,272.98,92.42,62.870000000000005,,,,67.2,,,,,48.76,362.42,581.06,24.96,,119.42,,,,1467.4400000000005,85.5,,55.06,28.5,,,2179.126,201.76,24.0,,1261.4199999999998,24.0,,,,,,409.84,25.0,588.6600000000001,447.8,23.0,247.82,,,448.0,616.6000000000001,48.0,,24.0,,,,,,71.25,,47.5,90.0,45.0,46.55,888.105,332.0,477.543,,1066.478,,372.16,,24.24,,638.0,286.0,271.92,,,,70.0,115.26,23.74,,,50.56,,9.8,36.25,,21.25,48.0,101.92,,126.12,150.17999999999998,18.94,24.5,695.66,,,,47.84,86.69999999999999,120.66,,93.0,119.54,421.00000000000006,23.0,,12.0,,,,2467.1,49.68,176.68,,25.0,2664.16,1032.54,25.04,,,45.0,277.98,2085.76,,244.2,24.5,23.75,24.5,432.16,729.4,6775.343000000001,2838.1400000000003,,,12.25,11.25,,20.0,100.0,7.35,16.25,74.34,23.75,,23.75,,23.75,,,,,23.75,,2507.46,1503.28,2785.06,,,50.86,76.8,1131.813,1008.16,76.8,299.28,120.0,72.0,2378.159,3123.5,23.75,,,,31.25,,27.28,81.24,,46.04,24.0,171.07999999999998,293.76,,368.66,8.575,,94.0,24.0,264.36,93.14,23.75,74.78,,98.06,73.25999999999999,,399.76,68.24000000000001,150.0,36.22,11.025,11.25,,1190.1000000000004,871.2199999999999,23.75,,,23.22,,,47.5,,590.4799999999999,23.75,8601.4,18.0,,,48.75,,246.46000000000004,20.0,324.16,,,24.5,,102.76,,,,420.98,,,,,,,,
2019-02-01 00:00:00+00:00,85.84,25.0,,,3141.8,2384.02,1310.8600000000004,3368.87,308.75,,50.88,79.5,47.5,49.3,,993.36,,50.6,25.28,,890.7,,213.48,47.5,2467.96,,,15.0,,,482.6799999999999,111.68,23.75,,112.5,6.25,80.0,15.0,95.0,47.5,113.84,,,12.25,,18.75,16.25,,,,,,77.08,4146.079999999999,,,50.0,,,14.7,10.0,7.35,10.0,2518.6,738.58,1094.86,,,1170.12,,25.0,356.46000000000004,1791.46,,20.0,,16.25,3192.0400000000004,147.72,,,,10.0,,3.75,177.06,,,1140.974,,,925.5,6.25,,101.3,97.92,,,,,,,23.275,,,6.25,,366.68,25.08,25.49,171.31,23.275,,,308.75,25.0,884.0999999999999,,,11.025,11.0,12.5,290.17,23.75,,212.5,120.0,,88.0,424.8200000000001,124.68,20.0,25.42,24.88,,,,,46.75,23.75,,,49.0,22.0,22.0,,,,,,,66.6,1222.5500000000002,2617.2,,785.9200000000002,312.1,44.0,,66.0,130.6,,24.52,22.5,,23.75,,,,,23.75,24.5,,45.0,80.39999999999999,,46.0,1006.0,22.0,,,216.0,,,,65.92,,23.75,,1482.6,22.0,,66.0,1140.0,,88.0,50.15,22.0,971.5399999999998,925.74,347.54999999999995,,,,57.0,,,10.5,120.0,28.0,,28.5,85.5,,28.5,22.5,,56.0,27.0,,31.58,,28.5,27.0,923.14,,,3155.6,1158.1,1613.9200000000003,54.96,20.16,,,,28.5,,949.3199999999998,,,,,1618.7000000000005,,,93.32,,496.5,62.89999999999999,1595.5,2053.643,,296.80999999999995,,1119.1600000000003,2031.09,235.62,215.71,,225.23,,12.0,,28.0,,,48.0,16.5,24.4,265.82,553.4399999999999,,,118.22,,,,1221.78,57.0,,55.92,,,12.0,2089.768,163.72,,24.88,1178.94,,,,,,,357.58,,500.02,703.8199999999999,24.0,102.26,24.5,25.0,212.0,285.26,,,,,,,,23.75,95.0,,23.75,45.0,67.5,46.55,790.5889999999999,283.0,459.956,,1048.009,12.25,305.06,10.0,,,924.0,418.0,222.1,,,,48.0,92.28,,,,25.3,,9.8,18.75,,,36.0,77.39999999999999,25.14,151.9,100.16,38.12,,473.3200000000001,,0.0,7.0,24.1,87.84,150.04000000000002,10.0,,96.04,290.72,45.72,10.0,30.0,,,,1511.6,375.14,76.52,24.78,50.0,3053.7000000000003,940.16,205.72000000000003,20.02,24.18,70.0,328.9,2237.549,,215.56,,23.75,24.5,316.96000000000004,585.56,5640.244000000001,2180.1000000000004,,,23.275,47.5,,40.0,140.0,7.35,16.25,76.56,23.75,,45.0,,,,,,,,,2139.32,1410.06,3278.6400000000003,,,45.5,115.2,1366.487,861.6399999999999,57.6,423.94,144.0,95.0,2437.641,3042.4500000000003,23.75,22.5,4.0,20.0,,,27.3,23.7,,93.04,94.0,146.79999999999998,392.1,23.75,469.6199999999999,,,48.0,,214.96,44.64,,25.04,19.2,100.98,93.4,,160.82000000000002,47.82,101.34,18.12,,,,929.62,783.1799999999998,23.75,,,22.86,24.0,,37.5,,323.76,,7137.45,,,,,,222.62,23.75,239.44,9.0,40.0,,24.5,51.14,,,,413.74000000000007,,,,,,,,
2019-03-01 00:00:00+00:00,111.44,24.82,,,3005.0,2650.1400000000003,1349.72,4165.76,23.75,23.75,24.84,49.96,23.75,24.46,,1010.41,,50.02,53.66,,819.8600000000001,,162.26,47.5,2369.2200000000003,,12.25,35.0,10.0,23.75,355.73999999999995,226.68,,12.25,37.5,21.25,76.25,18.75,47.5,23.75,112.34,,12.5,,,,,,,,,,77.3,4772.120000000001,11.25,,7.5,8.575,15.0,,,,,2630.2,502.78,1027.78,25.0,,994.82,,,416.9200000000001,2177.0,,,13.475,12.5,3962.56,116.58,,,,5.0,,,176.0,23.75,1.25,1342.178,,,625.9,8.75,,100.3,73.64,,,,,7.35,,,,,,,374.04,25.76,25.14,272.68,23.275,,,356.25,51.0,858.0999999999999,,19.0,35.525,,23.75,262.9,23.75,,140.0,189.0,21.7,,426.16,149.18,,49.620000000000005,,23.75,1065.8100000000002,24.94,23.275,,,7.35,15.0,49.0,22.0,22.0,,,,,,,22.5,1274.45,3915.85,22.0,908.9000000000002,338.1,22.0,,88.0,176.72,66.0,24.38,,,,,45.0,22.5,,,,,67.5,39.78,23.275,69.0,791.0,,43.75,22.0,242.1,,,,43.86,,,,1118.75,,,88.0,945.0,156.1,66.0,175.0,22.0,592.1,624.66,381.13,,,,28.5,14.94,,13.5,120.0,54.6,,28.5,114.0,,,,22.0,56.0,27.0,61.03,20.24,,57.0,,1083.93,,31.91,3251.4200000000005,1193.2699999999998,1225.7800000000004,83.92,,,,,28.5,,1098.9,,,1500.964,,1944.9,27.0,,86.32,,476.0799999999999,63.44,1676.1,2195.405,,201.84,,1257.48,2530.84,259.0,148.86,87.21000000000001,322.74999999999994,,,,,28.0,,73.5,,25.0,347.91,,25.02,11.0,108.66,29.92,,,1354.0,57.0,,58.58,28.5,,,2080.483,178.08,24.0,,1189.0,,,,,,,357.05999999999995,25.0,497.92,425.06,24.0,200.12000000000003,,23.75,427.0,501.84,24.0,24.5,24.0,27.0,,,,,23.75,,47.5,67.5,22.5,46.55,951.076,238.0,443.645,,1301.039,,330.29999999999995,,,,814.0,352.0,175.54,,,,,45.92,,,,50.94,,3.675,15.0,18.0,21.25,,77.6,,102.48,151.96,19.18,,523.7,,8.0,,,54.56,60.14,,48.0,119.36,646.18,50.760000000000005,10.0,17.0,21.25,,,2248.0399999999995,500.84,71.36,25.48,50.0,1986.46,942.28,184.62,19.86,,92.0,431.44,1977.798,20.0,182.4,24.5,23.75,24.5,272.88,465.0,5670.676,2050.9,,,23.275,,10.0,40.0,,7.35,16.25,26.24,,,22.5,17.15,,,,23.75,,,,2506.5600000000004,1433.1,4301.42,23.75,,,96.0,1067.559,903.14,76.8,355.00000000000006,95.0,120.0,1847.96,3231.1000000000004,23.75,23.75,,23.75,17.5,,26.48,24.02,25.32,94.07999999999998,71.0,124.1,371.00000000000006,,297.52,11.025,,96.0,24.0,68.18,64.74000000000001,47.5,25.28,,74.78,94.32,,257.58,24.32,102.28,18.06,7.35,15.0,48.0,971.48,686.4999999999999,23.75,,,25.24,24.0,,,,630.9,23.75,8353.249999999998,36.0,48.3,,48.75,,247.30000000000004,,217.78,,20.0,,24.5,76.52000000000001,,36.0,,500.1,,,,,,,,
2019-04-01 00:00:00+00:00,106.24,25.36,23.75,,3378.290000000001,2412.46,1374.6,3589.2100000000005,71.25,,50.86,74.66,,50.8,,684.7,,100.82,25.1,23.75,809.5600000000001,,243.2,71.25,2531.92,,12.25,11.25,23.75,,356.43999999999994,291.48,,,70.0,25.0,80.0,12.5,95.0,47.5,86.06,23.75,,23.275,23.75,,17.5,,,,29.7,,,3877.8,,,,,,7.35,12.5,8.575,10.0,2815.9000000000005,503.74,1203.44,,,966.78,,25.0,472.1,2114.44,6.125,15.0,,,4415.36,146.3,,,25.0,8.75,9.8,,176.82,,,796.789,,,504.68,15.0,,76.24,98.42,,24.0,,,7.35,23.75,,,2.45,7.5,,328.36,49.84,24.9,326.0,23.275,,,427.5,103.1,728.5500000000001,4.9,12.0,12.25,8.0,11.25,232.61,,,190.0,114.0,,66.0,578.0,99.48,,25.38,24.7,,728.0000000000001,24.94,,46.75,,,22.5,24.5,44.0,22.0,20.38,22.5,,,,22.5,45.0,884.8000000000001,2832.7,44.0,836.62,312.3,44.0,,88.0,150.84,66.0,24.5,,,,,22.5,,,23.75,24.5,,67.5,40.0,,69.0,600.0,17.0,,22.0,211.9,,,,44.04,,,,,,,88.0,900.0,,132.0,175.0,22.0,794.56,599.72,300.83,,,,,,,28.5,72.0,,28.0,,85.5,,,,22.0,14.0,,,53.8,27.0,28.5,27.0,1317.5999999999997,60.74,,3094.72,1393.64,1541.66,59.37,20.73,,19.5,28.0,,,1089.1699999999998,28.5,,1980.706,30.57,1826.95,,,115.04,,589.0600000000001,62.52000000000001,1614.9,2063.87,,247.72000000000003,,1151.08,3220.12,254.58,123.33,95.22,342.13,,12.0,,67.2,56.0,24.0,81.0,,24.7,332.12,,,,112.55,,,,1341.18,28.5,,28.34,,,,2113.646,168.3,24.0,25.06,1364.74,24.0,,,,,,431.1599999999999,50.0,577.8600000000001,398.2600000000001,23.0,151.04000000000002,,,340.0,491.56,24.0,,,,,,,,71.25,,63.75,45.0,22.5,46.55,848.355,215.0,452.002,,771.425,,354.29999999999995,,,24.94,682.0,330.0,148.68,306.56,,,,46.28,,,18.75,50.540000000000006,,,7.5,18.0,,,77.74,25.38,125.64,126.56,19.12,,649.8599999999999,,4.0,,24.28,83.66,149.58,10.0,47.0,169.82,463.92,25.2,10.0,10.0,,,,2432.28,718.22,123.12,154.28,25.0,1081.0600000000004,,77.2,,23.78,94.0,179.22,2674.2989999999995,20.0,199.82,24.5,23.75,24.5,272.5,305.7,4993.942,2788.7400000000007,,25.02,,47.5,,20.0,,,,100.94,23.75,,22.5,,23.75,,,,6.125,12.5,,2929.84,1554.0199999999998,4883.759999999999,,,74.0,76.8,1358.456,971.32,57.6,452.06,117.0,96.0,2056.959,2996.15,47.5,,,23.75,23.75,,25.5,50.64,,44.46,24.0,124.58,396.2600000000001,23.75,347.58,,,96.0,,262.54,48.94,23.75,99.54,,74.5,88.9,,325.82000000000005,47.46,50.68,35.34,,22.5,24.0,847.6999999999999,612.76,23.75,,,22.58,24.0,,23.75,219.52,626.2199999999999,,7283.650000000001,72.0,,,,,173.5,20.0,272.70000000000005,,20.0,,,77.14,,36.0,,475.4799999999999,,,,,,,,
2019-05-01 00:00:00+00:00,86.99999999999999,25.14,23.75,,3395.9300000000003,3117.2400000000007,1433.8799999999997,3821.2,71.25,23.75,75.6,528.46,47.5,24.22,,963.38,,50.8,75.9,,741.1,23.75,214.44,71.25,2301.74,,24.5,106.25,43.75,23.75,438.4800000000001,230.1,,11.025,47.5,12.5,58.75,7.5,166.25,47.5,115.1,,,14.7,,,,2042.152,,288.6,1074.24,878.74,29.32,3559.5600000000004,,,,,,,,,,3474.3,563.32,1233.1799999999998,25.0,,412.34,,,384.36,1020.92,,18.75,,,4021.18,132.67999999999998,,1412.3,,20.0,,,117.5,,2.5,1121.6600000000003,,,716.8399999999999,12.5,,,48.78,19.045,24.0,,,,,,,,,,323.06,49.68,24.84,295.38,23.275,,,451.25,,780.55,12.25,21.0,9.8,13.0,15.0,296.93,23.75,4.9,183.75,161.0,21.7,66.0,601.18,150.78,,25.64,,,328.83,,23.275,,23.75,12.25,10.0,45.325,22.0,66.0,,22.05,,,,,88.19999999999999,988.35,2618.15,22.0,932.83,364.1,22.0,24.36,88.0,153.2,44.0,24.44,,,,0.0,22.5,,11.025,11.25,,,45.0,80.32,23.275,23.0,767.0,33.0,45.0,,265.25,16.0,7.5,,65.44,23.275,23.75,,,,,66.0,922.5,,66.0,175.15,,770.24,623.0,422.55,,,,28.5,14.76,,4.5,72.0,56.0,,28.5,85.5,,28.5,21.0,24.0,84.0,54.0,60.78,45.260000000000005,,,,1292.2799999999995,,,3768.8,1341.72,1583.6999999999998,60.78,,28.5,,14.0,13.5,,812.3800000000001,,,246.532,30.66,1485.18,27.0,,87.22,22.0,729.6,73.78,1251.65,2220.639,30.22,216.38,,685.2800000000001,3309.600000000001,291.86,124.84,65.52000000000001,96.68,,,,28.0,28.0,,57.0,16.5,50.08,351.9,603.0600000000001,25.0,,111.74,24.96,27.0,24.0,1359.8,57.0,,92.88,,,12.0,2322.5460000000003,197.94,22.0,,1251.1199999999997,,,,,,,309.06,,250.22,761.04,24.0,304.98,24.5,46.25,468.0,559.0600000000001,,24.5,24.0,,,,,,23.75,,,90.0,45.0,46.55,853.388,144.0,533.553,,776.075,12.25,353.68,10.0,23.2,,792.0,462.0,173.08,1708.04,,,,69.16000000000001,,,,25.52,,4.9,16.25,18.0,,,52.48,,125.2,,19.0,23.275,521.28,,4.0,,,88.06,149.52,,47.0,121.8,300.0400000000001,24.2,,15.0,,,,1935.7000000000005,596.92,121.6,49.88,50.0,1097.66,,282.68000000000006,39.86,,92.0,178.23999999999998,2509.0799999999995,,211.36,24.5,47.5,24.5,251.88,447.24,4683.247,2487.78,,,23.275,23.75,10.0,38.75,,11.025,12.5,49.74,23.75,,20.0,,,,8.575,15.0,,23.75,,2567.9000000000005,1776.98,4094.52,,,47.260000000000005,76.8,1512.871,964.7,38.4,381.8,96.0,120.0,2467.821,3422.6,46.25,23.75,,47.5,12.5,,26.86,40.72,25.08,24.08,72.0,124.66,222.96,,392.26,9.8,,72.0,48.0,187.9,23.48,23.75,24.76,,122.68,95.28,,233.16,68.78,25.2,35.980000000000004,,,24.0,1263.7199999999998,817.7799999999999,,,,24.9,,,,216.84,435.56,23.75,7853.75,54.0,,,,,248.20000000000005,,278.6,,20.0,23.275,24.5,50.42,,18.0,12.5,512.26,,,,,,,,
2019-06-01 00:00:00+00:00,102.54,24.66,23.75,,3414.96,2133.05,1647.04,2749.67,118.75,,50.46,502.24,,,,800.6999999999997,,75.2,51.4,23.75,527.2400000000001,23.75,186.64,47.5,2156.76,19.6,,,40.0,,474.66,260.02,,,71.25,,32.5,15.0,166.25,71.25,85.52,23.75,,,25.0,23.75,22.5,2083.911,,201.98,690.24,837.16,59.44,3007.12,,1.225,5.0,,,22.05,27.5,8.575,10.0,3117.4999999999995,472.72,1268.44,,,293.14,,,,1095.74,6.125,15.0,,,3214.0799999999995,83.78,,1522.3000000000002,,20.0,4.9,,118.08,23.75,1.25,1014.725,,,572.22,17.5,,76.2,73.9,,24.0,,,,,,,,,5.0,398.34,50.400000000000006,24.68,296.76,23.275,,,285.0,,728.1,,,23.275,11.0,,267.49,,,190.0,144.0,21.7,,549.54,124.23999999999998,20.0,25.0,25.22,,1403.29,25.63,,,23.75,,,24.5,110.0,44.0,,22.5,,,,,,910.15,4144.299999999999,44.0,939.05,311.95,22.0,,110.0,131.5,88.0,24.42,,,,40.0,22.5,22.5,,,,24.0,45.0,55.1,,23.0,408.0,,,44.0,188.65,,5.0,2.0,43.48,,,,,24.0,,66.0,1035.0,,66.0,100.0,22.0,443.5,525.84,252.14,,,,27.0,,,13.5,48.0,53.2,28.0,,114.0,,,,22.0,56.0,,29.79,43.58,,28.5,27.0,1317.16,30.58,,3035.0,1137.1300000000003,1466.0400000000004,31.06,21.05,,18.0,,,,851.1999999999999,28.5,,,,1553.0100000000002,27.0,,61.52,,525.2399999999999,41.96,1370.6989999999998,2362.649,,279.95,,619.46,3670.32,184.08,182.65,99.16,95.49,686.965,,161.765,,28.0,,57.0,,25.04,507.58,403.7800000000001,24.86,,123.58,29.94,27.0,48.0,1211.12,85.5,,62.54,28.5,,,2099.394,184.66000000000005,,32.76,938.9,24.0,,,,,,283.94,25.0,474.3,701.8199999999999,24.0,153.98000000000002,,,327.0,525.5799999999999,24.0,,,27.0,,,,23.75,23.75,,23.75,67.5,45.0,23.275,882.643,165.0,344.951,,644.335,,277.29999999999995,,,,616.0,264.0,197.04,733.5,,,,115.3,,,,50.620000000000005,,,15.0,37.2,,,78.56,,50.0,75.58,18.84,,521.58,,4.0,,73.56,57.760000000000005,120.22,10.0,24.0,48.5,344.96000000000004,24.6,10.0,19.0,,,,348.76,125.64,49.38,151.67999999999998,25.0,962.68,,390.5799999999999,,24.46,70.0,102.64,1960.32,60.0,124.18,,,24.5,321.11999999999995,371.12,3779.947,3152.74,,,24.5,22.5,,40.0,,,,99.34,47.5,1.225,20.0,,,,,,,,,2312.68,1995.98,3526.5199999999995,,,,57.6,1287.594,863.76,57.6,329.2,45.0,72.0,2577.249,2527.55,,20.0,,23.75,,,26.46,15.92,,47.24,72.0,123.12,295.74,23.75,392.36,,,,,249.1,68.16,,99.6,,100.62,69.8,,166.61999999999998,46.16,24.74,36.06,4.9,17.5,24.0,930.4400000000002,736.06,23.75,,,,24.0,,47.5,215.72,424.46,,5764.100000000001,36.0,44.75,,,25.02,172.48000000000002,,218.32,,,,24.5,78.24,,36.0,,436.8400000000001,,,,,,,,
2019-07-01 00:00:00+00:00,109.92000000000002,24.82,47.5,12.02,3436.4800000000005,2802.24,1874.04,3658.81,71.25,23.75,101.64,303.88,,24.6,,841.55,,76.12,51.06,23.75,819.7000000000003,23.75,296.76,47.5,1573.64,,23.275,25.0,0.0,23.75,523.2,262.12,,14.7,76.25,27.5,46.25,25.0,71.25,23.75,142.39999999999998,,,20.825,17.5,,,2326.173,,284.06,1410.54,911.33,29.52,4234.5,,2.45,10.0,24.5,,,,,,3415.9,562.36,1119.18,25.0,,264.98,,,352.8,1950.1,6.125,16.25,,,4184.900000000001,137.64,,1475.5,,,,,148.28,,1.25,1057.7669999999998,,,509.8,,,125.72,95.08,,48.0,,,9.8,,,,,,,574.84,24.24,25.54,294.56,46.55,,,475.0,51.0,649.4000000000001,7.35,9.0,,16.0,6.25,227.38,23.75,,118.75,119.0,,22.0,400.78,125.38000000000002,,24.38,,,25.22,,23.275,23.75,,7.35,15.0,69.82499999999999,88.0,44.0,,66.6,,,22.0,45.0,111.6,806.2499999999999,3539.1,88.0,957.96,312.1,22.0,,66.0,153.8,110.0,24.44,,,25.0,40.0,22.5,,,23.75,24.5,,90.0,20.04,23.275,22.0,840.0,18.0,,44.0,243.35,,23.75,,65.26,,,,1456.1,,,66.0,990.0,26.0,132.0,175.2,22.0,301.12,475.84,450.53,,,,28.5,15.42,,6.0,96.0,23.275,,,85.5,,,21.0,64.0,23.275,54.0,61.120000000000005,45.76,27.0,28.5,,1285.4600000000005,29.46,,3265.82,1320.9199999999998,1494.02,31.16,,,,24.5,28.5,,1114.7199999999998,,,,,1692.68,27.0,,92.42,,526.64,83.3,1467.9,2247.387,,217.71,,955.79,2877.88,308.12,211.61,124.96,125.46,1983.476,,415.287,24.5,49.0,,127.5,,24.96,1478.94,834.0500000000002,24.86,,124.64,29.94,27.0,72.0,1301.0399999999995,57.0,,61.96,28.5,,12.0,2467.988,186.18,24.0,,960.52,,,,,,,334.86,,474.80000000000007,988.22,24.0,276.98,24.5,25.0,496.0,495.34,24.0,24.5,23.0,,,,,,95.0,,23.75,157.5,67.5,46.55,859.74,285.0,584.071,,1263.958,12.25,406.92,10.0,22.7,,1100.0,572.0,270.08000000000004,975.0,,,,23.04,,,,75.56,,,10.0,8.0,21.25,12.0,26.12,24.42,127.18,102.86,19.12,,544.3600000000001,,4.0,,,117.22,89.28,10.0,24.0,120.0,246.90000000000003,50.48,10.0,31.0,,,,2572.2000000000003,300.64,50.36,51.16,25.0,940.36,,49.86,19.84,,72.0,284.36,2691.880000000001,,257.44,35.525,23.75,24.5,171.86,234.16,4872.072,3228.1000000000004,13.75,,12.25,11.25,10.0,,,13.475,8.75,49.28,23.75,,,,23.75,,,,14.7,27.5,,2626.5,2043.36,4943.799999999999,23.75,,24.9,76.8,1112.969,1024.6999999999998,76.8,398.74,144.0,120.0,2584.161,2571.76,23.75,47.5,,23.75,,,52.06,39.98,,23.86,24.0,146.88,370.74000000000007,,270.94,11.025,,119.0,,267.18,94.4,47.5,25.08,,145.16,24.38,,218.46,24.46,24.92,54.04,,22.5,,1151.7,597.44,23.75,,,45.28,,,47.5,455.7,628.28,,7548.999999999999,54.0,,,,322.98,196.76,20.0,248.09999999999997,10.0,40.0,,,76.86,,54.0,,533.5,,,,,,,,
2019-08-01 00:00:00+00:00,106.28,,23.75,,3795.53,2350.250000000001,1900.74,3089.13,95.0,,76.82000000000001,277.5,,,,673.01,23.75,76.42,50.84,,810.96,23.75,54.120000000000005,23.75,778.3000000000001,,,,,,439.94000000000005,230.72,23.75,,23.75,,58.75,12.5,71.25,71.25,146.84,23.75,,,,,,2460.511,,351.84,902.42,864.43,,3750.64,,,,,,,10.0,7.35,11.25,3236.9000000000005,503.04,1322.22,,,617.82,,25.0,148.51999999999998,1612.62,,,,,3533.78,112.72,,1801.06,,15.0,,16.25,58.84,,1.25,663.5609999999999,,,841.72,,,101.5,124.5,,,,,,,,,2.45,10.0,,400.82,24.76,25.32,252.09,23.275,,,498.75,255.1,1221.2,12.25,12.0,12.25,,11.25,292.62,23.75,,213.75,134.0,,,575.9600000000002,174.3,20.0,,24.92,23.75,754.8199999999999,24.98,,23.0,23.75,,,49.0,88.0,22.0,,44.55,,,,,,780.25,3580.3499999999995,,906.58,208.05,22.0,75.68,132.0,127.29,66.0,24.44,,,25.0,80.0,45.0,,23.275,,,,45.0,40.1,23.275,23.0,671.0,18.0,45.0,22.0,54.25,,,,67.58,23.275,47.5,22.5,1622.45,,,22.0,1035.0,26.0,154.0,125.0,22.0,353.94,677.14,407.65,,,,,,,57.0,48.0,,,85.5,57.0,,28.5,,,23.275,,,54.7,,,,1147.58,,,3190.92,1256.0200000000002,1627.5999999999997,62.16,20.4,,,15.925,7.5,,1055.69,,,,,1541.9900000000002,,24.94,,,529.9599999999999,62.86,1357.0,2175.241,,308.51,,1013.65,2473.88,153.17000000000002,119.93,60.81,531.1400000000001,2053.862,,420.529,,46.55,,28.5,,,1350.21,495.2,24.98,11.0,31.88,,81.0,,1159.7,,,62.16,,,,2407.413,184.96,,32.84,359.16,,,,,,,316.20000000000005,25.0,320.6,830.7600000000001,,202.18,,25.0,262.0,639.96,,,,,,,,,23.75,,,,45.0,46.55,561.717,119.0,502.208,24.0,1265.222,,332.56,,,,770.0,462.0,271.34,950.32,,,48.0,115.22,23.92,,,25.12,,,2.5,19.2,,60.0,51.92,,127.4,,37.98,,644.66,,4.0,7.0,24.06,83.46000000000001,120.52,,48.0,116.76,322.16,25.22,,24.0,,,,2043.34,326.08,99.64,98.76,50.0,589.84,,128.68,,,71.0,252.9,2541.01,,250.06000000000003,,,22.05,326.06,280.22,5826.806,3953.2799999999993,,23.08,28.175,18.75,,80.0,,,,75.34,23.75,1.225,20.0,,23.75,,,,,,,2291.3,2144.08,4126.18,,,49.74,96.0,1249.695,924.36,57.6,519.08,120.0,118.0,2667.901,2377.6,47.5,,,23.75,6.25,,,48.1,,24.48,24.0,122.46,365.86,23.75,509.515,0.0,,23.0,,233.98,71.54,23.75,49.66,19.2,97.94,69.08,,191.54,67.22,,35.76,,,24.0,928.84,492.06,,,,,24.0,,,53.86,965.54,23.75,7836.7,36.0,39.35,,,355.99999999999994,172.95999999999998,,163.49999999999997,,20.0,,,50.14,,36.0,,509.06,155.16,,,,,,,
2019-09-01 00:00:00+00:00,110.34,24.94,23.75,,3620.53,2134.7900000000004,1821.54,3830.29,95.0,23.75,102.14,373.9,23.75,25.01,,687.64,,73.14,51.86,,915.9600000000002,23.75,133.78,71.25,1072.5800000000002,,12.25,35.0,32.5,23.75,380.08,372.64,,8.575,73.75,12.5,47.5,,95.0,,113.3,23.75,,22.05,15.0,25.0,,2301.3720000000003,,283.42,1326.26,813.09,30.76,3176.1600000000003,11.25,,,11.025,12.5,9.8,,,,2631.1,445.22,1032.5800000000002,25.0,,972.62,,25.0,118.0,2202.02,,,13.475,12.5,3499.52,109.48,,1766.1399999999996,,,,,117.42,,1.25,954.967,,,721.8199999999999,3.75,,75.8,50.3,16.8,,,,7.35,,,,2.45,10.0,,397.2600000000001,24.78,25.46,394.26,23.275,,,427.5,202.05,1296.4000000000003,7.35,21.0,35.525,,,272.13,,4.9,185.0,167.0,21.7,44.0,679.6799999999998,124.26,,24.26,,,1013.97,,23.275,23.75,,7.35,15.0,23.275,,22.0,24.18,,22.0,,,,88.19999999999999,1248.4,4106.35,,732.24,338.15000000000003,44.0,,44.0,128.11,88.0,24.42,,,,0.0,45.0,22.5,,23.75,23.275,,180.0,40.76,23.275,46.0,575.0,22.0,22.5,,215.0,,5.0,,43.0,23.275,,22.5,1674.15,,,66.0,1012.5,104.0,176.0,125.0,22.0,783.1000000000001,597.0200000000001,230.24,,,,28.5,14.88,,,48.0,22.4,,,57.0,29.92,,,22.0,56.0,,91.08,45.68000000000001,27.0,28.5,,1101.26,31.18,31.21,3099.9600000000005,1351.47,1712.6,32.22,,28.5,15.0,,28.5,,1303.04,28.5,,,,1646.16,27.0,,62.3,24.0,496.12,62.78,1338.4,2046.44,,279.5,,1573.14,3742.2400000000007,250.12,123.61,62.06,403.88000000000005,2200.036,12.0,409.55,24.5,,,49.5,28.5,25.04,442.64,558.0,24.96,,30.8,,54.0,96.0,1255.0399999999995,28.5,57.0,61.2,,,,1800.439,182.92,,,1241.0200000000002,24.0,,,,,,242.86,25.0,244.12,872.6199999999999,24.0,248.72000000000003,,23.75,120.0,493.16,24.0,,24.0,,,,,,47.5,,35.0,90.0,45.0,23.275,940.83,167.0,504.284,,1257.973,,378.58,,,,880.0,462.0,247.06,1056.56,,,24.0,91.94,,,,75.44,,,8.75,76.0,,12.0,78.25999999999999,24.66,76.2,101.76,,24.5,566.98,,8.0,,,114.24,120.94,10.0,24.0,72.92,308.49999999999994,,10.0,19.0,,,,1939.6,347.11999999999995,97.04,,25.0,788.2399999999999,,50.24,20.18,,94.0,281.96000000000004,2532.6,,270.16,24.5,,49.0,421.80000000000007,640.9999999999999,5359.255999999999,4250.72,,,12.25,35.0,10.0,40.0,,,23.75,75.46,23.75,,37.5,,,,8.575,15.0,,,,2210.34,1720.92,3296.6800000000003,,,24.44,115.2,1476.092,257.04,56.8,293.58,120.0,24.0,2616.079,2532.15,,23.75,,22.5,23.75,,52.6,24.04,25.26,46.68,95.0,122.34,317.79999999999995,23.75,197.9,,,94.0,,23.18,67.22,23.75,49.96,,74.53999999999999,45.900000000000006,,138.2,24.14,49.52,35.739999999999995,,,24.0,1076.56,576.3799999999999,23.75,,,22.94,24.0,,,159.98,609.28,,7566.169999999999,36.0,,,25.0,108.48,170.98,20.0,193.66,,20.0,,24.5,76.46000000000001,,36.0,,462.26,,,,,,,,
2019-10-01 00:00:00+00:00,110.6,,,,3616.13,2617.92,2134.7,3138.94,95.0,,77.74000000000001,124.9,,47.32,,832.7800000000002,,51.34,53.82,,982.84,23.75,296.32,71.25,2443.52,,,12.5,,,411.0200000000001,321.96000000000004,,,82.5,12.5,75.0,20.0,142.5,71.25,168.3,23.75,,,,,22.5,2342.021,,345.84,993.32,785.0,87.84,669.6999999999999,,,12.5,,,,,8.575,11.25,2923.8,621.22,1144.5599999999995,,,1000.82,,,,1532.2200000000005,,23.75,,12.5,3755.96,117.74,,1839.8,,7.5,,,117.42,23.75,5.0,862.813,,,,,,,24.66,33.95,,,,,,,,,17.5,,396.74,25.08,25.3,368.32,46.55,,,475.0,278.0,1060.6,,,,,15.0,377.75,23.75,,166.25,144.0,,,651.86,173.58,,24.9,24.52,,354.83000000000004,,23.275,,23.75,,22.5,71.05,44.0,22.0,,22.5,,,44.0,,112.5,1248.55,4204.15,308.0,813.9000000000001,390.05,44.0,,154.0,50.36,66.0,24.32,,,23.75,40.0,,,,,,,112.5,79.9,23.275,69.0,960.0,16.0,22.5,,243.5,,,,43.56,,,22.5,2103.55,,,88.0,1305.0,182.0,154.0,125.0,44.0,736.4000000000001,924.26,357.56999999999994,,,,28.5,,15.05,36.75,96.0,,,85.5,114.0,,,,24.0,52.5,27.0,61.46,54.62,,28.5,,1335.3000000000002,,,2935.94,1481.4,1339.6800000000003,30.24,20.16,,,12.25,11.25,,1046.82,,,,,1524.6300000000003,27.0,,,,684.48,62.84,1396.85,2194.507,,243.9,,1728.03,3464.76,310.92,92.04,,93.73,2727.759,,411.429,24.5,24.5,,85.5,,24.82,349.50000000000006,247.52,49.620000000000005,,123.56000000000002,29.9,54.0,,1061.04,,57.0,59.72,,,12.0,1846.481,185.06,20.0,,960.0600000000004,,,,,,,383.64,25.0,501.00000000000006,1172.06,,275.86,,,330.0,693.12,24.0,24.5,,27.0,,,,,47.5,,18.75,45.0,45.0,46.55,1062.27,118.0,473.067,,1363.267,,220.8,,,,1298.0,726.0,246.24,1167.94,,,93.0,92.58,24.0,,18.75,50.02,10.16,9.8,,19.2,,59.0,53.14,,125.12,174.7,19.2,,568.3,,4.0,,,116.64,120.28,0.0,46.0,141.22,320.02,50.78,,36.0,,,,2600.98,611.5199999999999,149.57999999999998,,50.0,903.38,,50.8,20.08,23.96,71.0,188.12,2823.114,,217.1,,23.75,49.0,398.38,539.4,5889.305,3863.76,,,12.25,35.0,,20.0,,,,50.5,47.5,,21.25,,,,,,,18.75,,2165.8200000000006,1834.58,3580.84,23.75,,48.76,96.0,1259.857,980.3400000000004,76.8,516.16,120.0,120.0,2614.798,2531.6,23.75,,4.0,43.75,,,25.34,16.38,,48.66,71.0,145.44,386.18,,317.46,11.025,,120.0,24.0,248.56,93.26,23.75,50.46,,48.38,92.98,,226.36,45.0,51.18000000000001,36.400000000000006,8.575,15.0,18.0,967.74,547.66,23.75,,,23.04,,,,354.82,693.9,,8569.82,54.0,,,,,74.56,,276.9,,20.0,24.5,,50.18,,18.0,,513.16,,,,,,,,
2019-11-01 00:00:00+00:00,107.32,24.6,,,2997.65,2229.8,2021.22,1797.14,23.75,23.75,76.64,126.42000000000002,,43.92,,1138.47,,74.80000000000001,106.7,,876.1199999999999,47.5,269.29999999999995,47.5,2209.7,24.5,33.075,15.0,41.25,22.5,387.14,288.0,,11.025,95.0,12.5,46.25,25.0,71.25,23.75,143.42,23.75,,,,23.75,,2414.197,,171.72000000000003,1074.68,776.82,30.46,822.3799999999999,,,15.0,,,,,,,2626.0000000000005,443.34,1060.8,23.75,,584.0600000000001,,25.0,,1616.0,,,,,3733.52,118.16,,1393.1999999999998,,22.0,,,115.26,,,589.744,,,,7.5,,,123.62,16.26,,,,7.35,,,,,,,445.16,50.78,,395.68,46.55,,,403.75,208.25,882.3499999999999,6.125,10.0,26.950000000000003,10.0,15.0,272.65,,,95.0,120.0,21.7,22.0,629.04,222.42,20.0,25.48,,,51.36,24.73,,23.0,,,,49.0,44.0,22.0,24.0,,,,22.0,22.5,44.1,1041.35,3937.2,22.0,896.86,312.25,22.0,,132.0,26.04,22.0,24.28,,,,40.0,22.5,22.5,23.275,23.75,24.5,24.0,112.5,40.0,46.55,92.0,907.0,,22.5,,161.85,,,,42.8,,,,2882.8,,,88.0,1057.5,208.0,44.0,175.4,,773.76,572.98,275.03,,,,28.5,14.88,,28.5,24.0,15.925,,,,,28.5,27.0,,52.5,27.0,30.72,44.28,,28.5,,1027.28,30.86,,2702.0999999999995,1189.4,1116.2199999999998,,,,,,28.5,,919.18,21.0,,1389.967,,1883.14,,,,,712.14,62.74000000000001,1407.55,2242.746,30.14,242.73,,1387.17,2823.5199999999995,216.18,60.46,30.94,218.02,2475.458,,330.55800000000005,23.275,49.0,,57.0,28.5,25.04,398.38999999999993,277.42999999999995,,11.0,126.24,,54.0,,906.7999999999998,,28.5,61.18000000000001,,,,1864.201,213.48,24.0,31.94,739.86,24.0,,,,,,337.12,,344.3,999.96,24.0,196.26,24.5,,354.0,466.82,,,23.0,,,,,,47.5,,23.75,90.0,90.0,46.55,865.166,142.0,429.674,,1193.936,12.25,270.1,10.0,22.34,24.68,1144.0,748.0,173.68000000000004,1471.0199999999998,,,47.0,115.56,23.96,,,48.78,,,12.5,,21.25,72.0,51.78,23.6,99.16,101.04,19.1,,570.88,,12.0,,25.36,86.9,210.32,10.0,24.0,70.68,347.3999999999999,,10.0,7.0,,,,2560.9,170.9,72.3,100.64,25.0,744.4799999999999,99.46,311.4,20.04,,71.0,210.1,1928.052,,160.83999999999995,24.5,,,510.4,873.1999999999998,5481.045000000001,4917.400000000001,,,47.775,,,,,14.7,7.5,71.86000000000001,23.75,,21.25,,,,,23.75,,,,1845.7800000000004,1747.72,3448.84,,,,96.0,1254.55,878.62,57.6,521.02,144.0,24.0,2503.501,1701.3000000000002,23.75,23.75,,,,,25.8,24.0,,47.24,47.0,97.3,339.0799999999999,,342.54,11.025,99.04,96.0,,237.24,47.92,23.75,50.8,,99.32,94.8,,237.98,48.5,49.72,36.22,,,,1096.0999999999997,604.36,,,,24.7,24.0,,,245.68,581.9200000000001,23.75,6905.449999999999,18.0,,,23.75,24.9,119.04,23.75,274.61999999999995,10.0,20.0,,24.5,50.4,,,,508.8200000000001,,23.75,,,,,,
2019-12-01 00:00:00+00:00,82.74000000000001,,23.75,,3591.890000000001,2465.0,2042.22,3419.05,95.0,,50.74,49.96,23.75,24.64,,1143.59,23.75,78.53999999999999,52.3,23.75,831.1599999999999,,189.0,23.75,2297.7000000000003,,24.5,22.5,41.25,23.75,463.66,228.4,47.5,14.7,126.25,48.75,56.25,15.0,95.0,71.25,198.18,47.5,,23.275,,,,2455.092,,373.48,807.1599999999999,791.93,29.4,1199.7799999999995,,,,,,,,8.575,10.0,3128.1,519.48,1552.72,,,204.50000000000003,,,439.32,1415.44,,,,,3895.56,106.62,,1993.58,,11.25,,,58.82,23.75,2.5,1090.711,,,30.06,,,,50.68,17.14,,,,8.575,,23.275,,,,7.5,442.98,0.0,26.06,274.82,,,,332.5,156.0,909.3,4.9,15.0,12.25,10.0,10.0,233.48,,,118.75,72.0,21.7,44.0,350.26,124.9,,,24.82,,,,23.275,23.75,,9.8,12.5,49.0,22.0,,,67.05,22.0,,22.0,,67.5,936.1,4916.8,198.0,643.1399999999999,364.05,,,198.0,50.13,44.0,,,,23.75,,45.0,,,,,,90.0,39.14,,23.0,1006.0,22.0,,,216.95,,,,62.900000000000006,,23.75,22.5,3029.75,24.0,,,1035.0,286.05,132.0,129.0,,576.38,571.0000000000001,449.69000000000005,,,,,14.94,,,48.0,23.275,,28.5,28.5,,,,24.0,56.0,27.0,30.46,44.940000000000005,27.0,,,1040.6,,,3011.78,1323.15,1579.32,93.83,19.2,,,,,,1259.28,,,313.276,,1775.51,,,118.18,,450.84,62.98,1515.95,2372.061,,184.09,,1449.56,3014.46,283.97,272.70000000000005,30.71,182.16,2076.466,,,47.775,49.0,,78.0,,25.02,458.42,,24.92,,96.23,,27.0,,950.6400000000002,,57.0,154.36,,,12.0,1730.616,185.8,24.0,,1332.8900000000003,,,,,,,309.79999999999995,,541.0600000000002,678.85,24.0,243.0,,,262.0,486.14,24.0,24.5,,,,,,,23.75,,,45.0,,23.275,784.6419999999999,140.0,372.112,,723.7860000000001,,175.2,,,,682.0,550.0,172.45999999999998,1144.1,,,24.0,46.22,,,,25.12,,9.8,27.5,19.2,,60.0,25.46,24.74,49.68,126.71999999999998,19.0,,469.34,24.94,8.0,,49.36,83.69999999999999,89.86,,,71.74,88.4,50.120000000000005,,24.0,,,,2646.72,,73.98,,50.0,398.94000000000005,363.14,,20.24,,71.0,125.26,2577.159999999999,20.0,262.48,,,23.275,374.82,468.84,5997.852,5059.2,,,,23.75,,20.0,,,,72.92,22.5,,21.25,4.9,18.75,,8.575,15.0,7.35,8.75,,2196.9400000000005,1994.12,2309.1000000000004,,,,57.6,969.319,935.7,57.6,373.74,96.0,96.0,2279.301,1860.3,23.75,23.75,,47.5,5.0,,25.92,70.2,25.32,,48.0,146.46,341.22,23.75,146.42000000000002,11.025,126.84,120.0,48.0,189.18,70.63999999999999,46.25,49.6,,69.74000000000001,88.47999999999999,,165.48,47.31999999999999,50.48,17.82,3.675,20.0,71.0,995.3200000000002,813.2,23.75,,,22.72,,,,235.54,664.1999999999999,,7087.85,72.0,,,22.5,,123.48,,233.36000000000004,,20.0,,,76.8,,,12.5,512.66,,23.75,,,,,,
2020-01-01 00:00:00+00:00,106.5,25.92,,,3711.76,2614.0,1923.78,3224.5400000000004,23.75,,48.76,455.78,,48.0,,962.63,,48.58,104.74,23.75,893.0,,297.84,71.25,1373.3399999999997,,,,,,416.7,259.66,,,,,11.25,12.5,142.5,23.75,84.66,,,24.5,7.5,41.875,,2421.092,,345.98,776.7600000000001,671.625,30.62,3872.02,,1.225,10.0,,,,27.5,3.675,15.0,3113.1599999999994,499.28,1202.7800000000004,25.0,,295.38,,25.0,549.64,2596.5599999999995,3.675,15.0,,,4214.8,163.52,,1728.08,25.0,8.75,,,116.78,,2.5,651.388,,57.48,927.58,,,,100.78,34.76,1.0,,,,,,,,,,273.72,50.66,25.24,374.78,23.275,,,403.75,312.20000000000005,1039.4499999999998,9.8,10.0,23.275,,10.0,198.37,,,166.25,139.0,,44.0,451.62,148.44000000000003,,24.86,,,,25.48,,,23.75,9.8,12.5,72.275,44.0,,,,22.0,,22.0,22.5,89.1,962.05,3458.600000000001,22.0,929.1,338.25000000000006,,,22.0,101.72,44.0,24.22,22.5,,,,22.5,,,23.75,24.5,,270.0,79.72,,46.0,932.0,22.0,45.0,,188.9,10.0,36.25,,85.18,23.275,,,3141.6,,,44.0,1170.0,234.05,176.0,232.35,44.0,847.56,747.06,391.04,496.8500000000001,,,28.5,,,,72.0,23.8,,57.0,28.5,,,,22.0,56.0,,61.370000000000005,50.47999999999999,,28.5,,1088.0,,30.2,3034.56,1295.1799999999998,1190.4199999999998,309.78,,,,28.0,28.5,,995.68,,,513.023,,2042.15,27.0,24.58,92.76,,373.28,83.68,358.7,2382.595,,278.28000000000003,,1354.3,3188.880000000001,183.8,185.83,30.8,62.97,2003.881,,,28.0,28.0,,28.5,,24.94,904.76,,24.88,,92.5,,27.0,,980.58,,57.0,59.24,,,,1836.902,216.56,24.0,30.48,1270.4,,,188.64,,,,366.96,25.0,262.68,661.18,,168.9,23.275,25.0,237.0,670.8399999999999,48.0,24.5,48.0,,,,,11.25,,,,45.0,90.0,46.55,675.709,240.0,450.397,24.0,1221.715,9.8,228.34,10.0,,,594.0,374.0,173.29999999999998,1071.66,,,48.0,92.14,23.84,22.5,,50.4,52.34,,42.5,19.2,,60.0,51.760000000000005,,75.30000000000001,100.02,38.120000000000005,,962.46,523.1200000000001,8.0,,,87.6,120.36,,71.0,69.96000000000001,112.8,25.5,10.0,31.0,23.75,,,1996.64,643.52,74.06,,75.0,600.72,830.7200000000001,100.98,,23.72,71.0,126.34,2348.92,,198.02,12.25,23.75,,387.9,619.6,5605.958,3974.58,23.75,,12.25,35.0,23.75,,,12.25,11.25,23.92,23.75,1.225,22.5,,23.75,,,,,,,2169.66,2190.5,4336.76,,19.98,50.32,134.4,792.441,988.14,75.19999999999999,469.84,144.0,72.0,2201.139,2675.05,23.75,,,,23.75,40.14,52.8,71.80000000000001,,24.18,72.0,119.6,395.08,23.75,317.48,,148.07999999999998,71.0,,247.9,91.7,,45.84,24.0,72.7,94.92,,121.57999999999998,47.68,25.52,36.2,,,23.0,1097.9400000000005,832.0599999999998,,,,24.94,,,47.5,887.14,656.9799999999999,23.75,6206.099999999999,54.0,46.9,,23.75,,,23.75,192.6,,,24.5,24.5,51.08,,,,311.55999999999995,394.24000000000007,23.75,40.425,7.5,115.1,,,
2020-02-01 00:00:00+00:00,100.28,,,,3105.9099999999994,2444.92,1732.2399999999996,3320.5800000000004,47.5,23.75,25.0,350.24000000000007,,25.18,,709.8299999999999,,50.36,80.72,,516.48,,215.36,71.25,1593.3,,33.075,38.75,,,352.52,202.12,,,58.75,12.5,42.5,5.0,95.0,23.75,137.3,23.75,,,,21.625,13.75,2136.669,,314.64,837.46,577.43,58.68,1516.92,,,,11.025,12.5,,,,,2172.9,829.1000000000001,964.7999999999998,,,234.26,,25.0,341.9,1549.0800000000004,4.9,12.5,,,3942.839999999999,196.42,,667.2,,20.0,,5.0,87.82000000000001,,3.75,804.374,25.0,57.260000000000005,539.06,,1717.7600000000002,99.4,74.18,17.26,,,,9.8,,23.275,,2.45,17.5,,195.98,25.24,25.36,375.12,,,,451.25,208.45,832.55,,18.0,7.35,16.0,5.0,236.28,22.5,,142.5,120.0,,22.0,525.86,124.68,,24.88,24.88,,77.27,,23.275,23.0,,9.8,12.5,49.0,,,25.12,,,,,,67.5,936.65,3565.35,22.0,855.8599999999999,312.20000000000005,45.0,,133.0,125.6,22.0,48.6,,,,,45.0,22.5,,,,,225.0,59.74,,23.0,360.0,,22.5,,215.85,,12.5,,42.66,,23.75,22.5,3089.0,,,44.0,855.0,312.05,242.0,102.95,22.0,930.0800000000002,816.82,216.27,711.3000000000001,,,28.5,14.92,8.4,76.5,96.0,,,57.0,57.0,,,,12.0,28.0,27.0,30.34,41.0,,28.5,,810.98,,,3059.7,1067.08,1032.1799999999998,527.0300000000001,20.86,,,,28.5,,891.2800000000001,28.5,,1567.598,,1902.76,,,92.24,,279.74,62.94,,2257.981,,216.41000000000005,,,3286.92,123.08,245.18,31.05,61.33,1953.755,,312.922,28.0,56.0,,85.5,,,1318.98,,24.92,,92.55,30.9,,,881.4399999999999,,85.5,61.95,,,,1758.9520000000002,181.96,,,1199.11,24.0,,620.6600000000001,,,,311.42,,451.54,564.52,24.0,193.2,,,47.0,610.4399999999999,,,,,,,,38.75,,,16.25,,45.0,69.82499999999999,814.872,72.0,447.679,24.0,1107.063,18.375,234.7,6.25,24.64,,572.0,440.0,222.3,1105.24,,,48.0,71.0,,,,25.5,104.58,,10.0,56.8,21.25,36.0,49.98,,102.58,75.12,19.08,24.5,663.8800000000001,421.28,9.0,7.0,,58.42,149.58,10.0,71.0,72.2,114.6,25.26,,12.0,,,,1812.16,394.7200000000001,100.94,,25.0,720.5400000000001,865.3600000000001,,,,48.0,130.64,1711.92,,162.76,24.5,23.75,24.5,419.46,577.24,6499.650000000001,3972.34,,,23.275,,,,20.0,,,50.48,,,21.25,7.35,16.25,,,,,,,2165.0600000000004,1746.94,3283.880000000001,,20.14,24.9,153.6,938.889,823.6000000000001,57.6,323.0,96.0,24.0,2082.901,1846.6,23.75,23.75,4.0,43.75,,39.94,26.88,47.1,,23.94,72.0,122.4,346.50000000000006,23.75,243.56,,148.72,95.0,,208.32,47.34,47.5,50.56,,75.47999999999999,73.02,,96.92,44.32,24.8,17.96,3.675,20.0,72.0,974.62,497.80000000000007,23.75,,,24.64,24.0,,47.5,356.42,546.5599999999998,,4687.400000000001,72.0,,,47.5,134.88,,,82.72,,23.75,,,51.52,,,,159.36,550.62,,,,48.96,,,
2020-03-01 00:00:00+00:00,107.42,25.14,23.75,,3061.6200000000003,2398.4,1916.74,3449.3200000000006,118.75,,24.92,605.1,,46.64,,989.81,,75.69999999999999,106.72,23.75,467.1,23.75,189.84,47.5,1394.88,,18.375,28.75,15.0,23.75,381.38,284.08,,,71.25,,30.0,17.5,71.25,71.25,143.12,23.75,,12.25,12.5,47.5,,2201.303,,258.58,777.92,530.51,,4551.98,,2.45,,11.025,12.5,,,8.575,11.25,2028.9,416.88,1355.4199999999996,25.0,,646.0200000000001,24.5,,383.86,1555.6800000000003,,13.75,,12.5,3681.66,87.82,,1360.58,,9.0,,,87.32000000000001,23.75,7.5,813.301,,57.8,748.06,,1416.7399999999998,100.3,74.08,36.260000000000005,5.0,,,7.35,23.75,,,6.125,10.0,,293.66,25.66,,368.78,23.275,,,403.75,208.0,988.65,17.15,20.0,,10.0,17.5,250.9,,4.9,185.0,144.0,21.7,66.0,579.4399999999999,124.38,,25.48,24.72,23.75,25.16,24.78,,23.75,23.75,,22.5,,66.0,,,,,,22.0,22.5,134.1,884.14,4534.049999999999,22.0,827.5600000000001,364.2000000000001,45.0,,229.0,126.25,66.0,,22.5,,25.0,,67.5,,,23.75,,,202.5,60.54,23.275,23.0,548.0,22.5,22.5,22.0,214.35,,,,86.19999999999999,,23.75,22.5,2746.6900000000005,24.0,,88.0,1260.0,312.05,176.0,181.8,22.0,636.84,473.64,436.6,742.6500000000001,,,,14.86,8.4,19.5,72.0,15.4,,57.0,57.0,30.46,,13.5,41.0,28.0,27.0,30.01,57.36,27.0,28.5,,1241.5600000000002,,,3649.06,1450.4199999999998,1281.28,578.71,,,,28.0,28.5,,756.69,,,1319.359,30.85,1153.34,27.0,,121.9,22.0,678.1600000000001,83.8,1497.1,2219.562,,208.14,,1358.6999999999996,2624.909999999999,274.49,562.3400000000001,61.31,314.58000000000004,2195.369,,392.9380000000001,16.8,28.0,,54.0,,24.98,525.53,,49.72,11.0,60.25,,,,913.22,,57.0,61.72,,,,977.253,215.26,24.0,,1232.2300000000002,,,338.4,24.0,,,342.98,25.0,600.34,189.76,24.0,272.8,24.5,25.0,233.0,539.6,24.0,,24.0,,,,11.025,12.5,,,18.75,,45.0,46.55,1080.68,237.0,518.9259999999999,,1294.384,,228.34,,,,924.0,748.0,246.94,1110.9399999999998,,,48.0,68.94,,,,49.900000000000006,155.99999999999997,9.8,20.0,38.4,,48.0,100.98,24.0,72.38,,19.0,,992.96,672.5600000000001,4.0,,25.18,116.64,180.84,10.0,,121.88,155.94,25.36,10.0,19.0,,,,2227.04,500.94,74.78,,50.0,636.3400000000001,916.92,707.74,20.06,,23.0,281.8,2205.41,,171.94,23.275,23.75,,267.66,288.48,5225.4,4108.56,,,47.775,47.5,23.75,,,,,50.68,23.75,,37.5,4.9,18.75,,,22.5,,,,2497.98,1259.6,2664.04,,20.16,25.4,153.6,878.428,1010.04,76.8,485.64,120.0,167.0,2024.899,2506.9,23.75,23.75,,,,40.0,26.8,24.82,,22.38,48.0,123.26,468.8799999999999,,515.4599999999999,11.025,148.26,96.0,,48.8,48.82,23.75,73.66,,49.74,46.8,,212.54,47.58,100.46,,,,,995.9,578.2399999999999,,,,23.0,,,,159.76000000000002,489.07,,6137.299999999999,54.0,,,,107.72,,,193.48,,23.75,22.05,23.275,102.74,,18.0,,,790.3799999999999,23.75,39.2,7.5,97.28,,,
2020-04-01 00:00:00+00:00,111.70000000000002,25.16,23.75,,28.04,2637.0800000000004,1885.24,3332.81,71.25,23.75,25.76,302.04,,24.8,,760.0200000000001,23.75,75.76,157.22,,,,107.34,71.25,1052.02,,,,16.25,23.75,497.54,232.44,,,35.0,12.5,18.75,5.0,,,111.51999999999998,,,24.5,,25.0,,1813.865,,374.48,1020.74,388.55,,1559.1,,,,,,9.8,16.25,,,90.5,386.68,1223.86,,,353.9,,25.0,88.24,1530.54,,,,,1952.58,58.74,,,,,,,29.82,,,904.36,,57.34,388.18,18.75,,,99.94,,,,,,,24.5,,,,,226.1,,25.14,345.18,,,,166.25,234.35,937.35,6.125,6.0,46.55,,22.5,332.6499999999999,22.5,,166.25,167.0,,44.0,655.9399999999999,99.76,20.0,25.58,25.0,,,,23.275,,47.5,,22.5,,44.0,,,,,,,,,963.0,4109.000000000001,44.0,841.26,364.50000000000006,,,23.0,50.22,44.0,23.92,,,,,22.5,,24.5,,24.5,24.0,180.0,70.80000000000001,23.275,23.0,552.0,,22.5,22.0,188.1,10.0,8.75,5.0,60.89999999999999,23.275,23.75,,598.8,,,22.0,1282.5,104.05,154.0,256.25,44.0,427.2600000000001,324.0400000000001,219.82,579.2999999999998,,,,,,,96.0,21.0,,,28.5,,,,,28.0,,30.12,49.14,,,,984.2000000000002,30.12,,,1479.36,1113.14,308.5,,28.5,,,,,766.9500000000002,28.5,,302.058,,310.33,,,123.88,,484.7000000000001,83.16,1654.7,2162.52,,154.78000000000003,,1285.8,2509.48,313.32,248.98,29.99,123.17,1755.566,,368.63,56.0,,,,,24.6,411.94,,25.0,,61.44,,,,1084.66,,,61.24,,,,300.394,184.24,23.0,,1174.16,,,30.56,24.0,,,401.44,,527.52,219.22,24.0,147.94,,25.0,96.0,505.52,24.0,24.5,,,,,15.925,27.5,,,,,,69.82499999999999,833.3389999999999,167.0,515.6519999999999,24.0,1431.4620000000002,11.025,348.93999999999994,11.25,,,1518.0,990.0,173.26000000000002,760.0600000000001,,,24.0,160.46,48.22,,18.75,,51.88,,5.0,38.4,,60.0,51.36,,75.9,50.68,19.28,24.5,792.6199999999999,519.82,8.0,,48.2,167.38,,,24.0,72.14,158.78,25.4,,,,,,2336.82,467.92,75.46,,25.0,2348.22,1279.4399999999998,50.66,,,47.0,0.0,,24.0,175.32,,,,342.82000000000005,502.0999999999999,4056.123,3560.72,,,,23.75,,,,11.025,12.5,49.540000000000006,23.75,,23.75,,,,,,7.35,8.75,,2250.36,,2504.5,,20.14,49.64,153.6,1035.589,1093.2399999999998,38.4,434.92,142.0,119.0,2038.0,3024.2,47.5,22.5,,23.75,46.25,60.34,25.08,49.32,,24.16,72.0,97.74,156.08,23.75,98.14,22.05,173.06,96.0,,264.06,92.52,23.75,124.62,,96.94,97.86,,119.98,71.92,24.86,36.260000000000005,,23.75,48.0,983.0400000000002,588.7800000000002,23.75,,,,,,11.25,319.68000000000006,619.2,23.75,6531.25,54.0,41.5,,25.0,81.02000000000001,,18.75,27.46,,47.5,,24.5,24.62,,18.0,,,728.04,23.75,,,114.18,,,
2020-05-01 00:00:00+00:00,89.02,,,,2874.34,2428.8900000000003,1376.0399999999995,2925.38,47.5,,50.66,99.68,,48.8,,828.41,,50.120000000000005,79.64,47.5,,23.75,134.8,23.75,1045.3,,,,,,323.7,285.42,,,47.5,,48.75,22.5,47.5,71.25,114.82,23.75,,24.5,,,,1574.1989999999998,,257.74,805.34,713.8969999999999,,1572.7600000000004,18.75,,,29.4,12.5,14.7,16.25,,,2231.78,356.9,821.8800000000001,25.0,,321.22,,25.0,176.14,51.5,,5.0,12.25,31.25,3155.76,53.46,,,,3.75,,,58.16,,5.0,115.06,,29.12,600.5,,,,74.02000000000001,16.34,,,,7.35,,,,,,,251.18000000000004,24.66,25.06,320.82,23.275,,,71.25,234.15,936.4999999999998,,,,,5.0,192.44000000000003,,6.125,182.5,143.0,,,578.36,100.1,20.0,25.16,,,,24.88,,,,,,71.05,,,24.5,22.5,22.0,,,,66.6,1092.4,3565.85,88.0,808.8599999999999,338.3,,,161.0,100.67,,24.28,,,,,22.5,22.5,,,23.275,,202.5,69.84,,23.0,527.0,,22.5,22.0,188.1,,,,42.42,,,,1900.1,,,44.0,787.5,208.3,264.0,200.05,22.0,346.3,197.72,351.17999999999995,392.55,,,28.5,14.92,,,120.0,11.2,,57.0,28.5,,28.5,,44.0,,,61.41,54.66,,28.5,,1106.7400000000002,,,814.92,1697.4,1355.48,276.66,21.05,,,,,,681.88,,,405.258,30.92,820.7,27.0,,123.1,,279.76,83.84,1815.9,2254.219,,245.22000000000003,,1347.1,2580.92,245.82,248.35,92.63,60.59,1703.734,,336.26800000000003,28.0,28.0,,16.5,,,283.36,,24.98,11.0,61.58,30.3,,,544.68,,,62.28,,,,638.475,181.86,,,1205.4,24.0,,309.5,,,,367.06,25.0,402.1,247.92,,218.48,,,142.0,735.36,,24.5,72.0,,,,,,,,23.75,45.0,67.5,69.82499999999999,834.034,191.0,674.867,,1281.962,4.9,395.75999999999993,17.5,23.42,,286.0,176.0,148.52,703.6400000000001,,,96.0,137.92000000000002,,22.5,,25.26,50.66,1.225,7.5,38.4,21.25,12.0,53.06,,77.4,,19.16,,790.32,422.78,4.0,,,87.4,,10.0,,23.68,95.62,,,24.0,,,,2014.58,322.86,75.24000000000001,,,1682.6999999999996,25.68,100.06,20.06,,47.0,669.2800000000001,,,130.02,24.5,,,287.58,265.02,3961.589,3148.7,23.75,,23.275,23.75,,,15.0,,23.75,48.96,23.75,6.125,10.0,,23.75,,12.25,11.25,7.35,16.25,,2075.9600000000005,100.1,2989.66,23.75,20.06,24.66,134.4,1091.917,905.86,76.8,647.3199999999999,96.0,120.0,2236.579,1991.65,23.75,,,23.75,,19.96,26.04,24.9,24.94,23.78,72.0,98.08,206.6,,660.3,,149.14,95.0,,215.06,72.7,,97.48,,47.8,73.46000000000001,,145.56,48.48,50.16,18.18,8.575,15.0,48.0,1076.78,677.84,,,,22.88,,,,242.54,471.74000000000007,,7650.95,54.0,46.65,,,,,,82.74000000000001,,23.75,,24.5,,,,12.5,,749.46,23.75,,,48.26,,,
2020-06-01 00:00:00+00:00,88.53999999999999,25.46,23.75,,3456.3809999999994,2351.8,1851.32,3808.370000000001,48.75,23.75,50.6,451.14,,24.12,,763.96,,75.74000000000001,131.8,23.75,284.08000000000004,23.75,189.52,71.25,1063.98,,8.575,15.0,23.75,,502.1999999999999,232.2,,,47.5,,30.0,17.5,23.75,23.75,87.02000000000001,,,,12.5,,15.0,1508.219,,333.16,520.1200000000001,795.289,59.58,4185.88,,,,,13.75,,23.75,,,3202.8,404.68,1583.22,,,262.8,24.5,25.0,266.54,,8.575,,,,3774.64,29.04,,1257.4,,10.0,,,58.68,23.75,1.25,2615.85,,29.08,569.34,,,99.52,74.6,31.8,,,,7.35,,24.5,,,,,323.78,,25.06,266.22,23.275,,,261.25,312.15000000000003,988.9499999999998,,,12.25,5.0,6.25,294.01,,,190.0,168.0,,44.0,630.5999999999999,124.32,,25.16,24.34,,,,23.275,23.75,23.75,12.25,10.0,24.5,110.0,,,,,,,22.5,89.1,1013.9499999999998,4878.599999999999,22.0,995.86,338.25,45.0,,138.0,102.1,44.0,,,,22.5,,22.5,,,23.75,,,135.0,40.06,,46.0,550.0,,,22.0,189.15,,21.25,8.0,63.56,23.275,23.75,22.5,1379.5999999999997,,,88.0,697.5,338.15000000000003,132.0,176.3,22.0,522.3599999999999,199.18,309.52000000000004,656.05,54.15,,,,,16.5,84.0,39.2,,28.5,28.5,,,,,56.0,,,62.2,,28.5,,975.34,30.3,30.95,1730.92,1543.34,1057.4,155.48,,,,7.0,49.5,,677.4,,,,,1098.28,,24.72,92.9,,340.86,62.58,1608.493,2259.488,,213.58,22.0,1035.68,1348.9600000000005,246.54,400.73,93.9,62.83,1656.099,,413.636,,28.0,,57.0,,24.88,253.8,,24.84,11.0,92.52,,,,642.34,,28.5,60.88,,,,,181.96,48.0,,1110.2,,,557.6799999999998,24.0,,,380.98,,227.12,73.28,24.0,251.36,24.5,,95.0,663.14,24.0,,,,,,13.475,21.25,,,47.5,112.5,22.5,46.55,374.124,236.0,715.95,23.0,811.1030000000001,,321.92,,,,682.0,440.0,198.08,711.4200000000001,,,71.0,161.05999999999997,,,,25.2,77.24,,23.75,38.4,,,74.02,,25.02,69.46,18.96,,696.3000000000001,471.24,,,24.48,80.02,30.14,,,,47.9,,,,,,,1810.8800000000003,521.72,100.86,,25.0,1868.46,587.8199999999999,153.14,20.04,24.28,71.0,537.76,232.86,24.0,190.64,23.275,23.75,,176.22,143.36,4513.852,2578.74,,,23.275,46.25,,,,,,50.48,23.75,,,,,,,,,,,103.3,1029.88,4179.1,,,50.18,115.2,1173.177,1066.34,57.6,468.68,72.0,96.0,1813.011,2430.9,23.75,,,47.5,,40.1,52.96,47.62,,48.260000000000005,48.0,96.8,401.88000000000005,23.75,170.72,,152.48,24.0,24.0,213.32,71.92,,25.26,,49.58,71.5,,168.32,24.9,74.28,18.12,,,,868.42,596.5600000000001,23.75,,,23.08,24.0,,,,471.44,,7083.55,,,,,,,,138.36,,40.0,,,,,36.0,,,694.74,,23.275,,49.56,,,
2020-07-01 00:00:00+00:00,112.7,,,,3570.159999999999,2370.8,1199.86,3352.22,47.5,,75.9,226.36,23.75,49.46,,684.5200000000002,,75.97999999999999,77.06,23.75,339.56,23.75,107.24,47.5,1123.98,,11.025,12.5,16.25,23.75,583.0000000000001,232.32,,11.025,60.0,,37.5,10.0,166.25,47.5,28.8,23.75,,,7.5,,,2221.289,,401.18000000000006,832.94,744.605,58.68,2545.04,,,11.25,,,,,4.9,12.5,2990.9,434.54,1377.46,,,146.56,,25.0,175.36,212.4,,12.5,12.25,17.5,4225.459999999999,58.98,,1372.2000000000005,,7.5,,,87.64,,1.25,194.40000000000003,,86.36,931.42,,,125.67999999999998,124.18,30.34,5.0,,,0.0,,,,,8.75,,349.62,,25.42,244.86,,,,261.25,338.25000000000006,910.9,3.675,34.0,23.275,,5.0,302.86,,,93.75,116.0,21.7,88.0,249.78,124.72,20.0,,,,,,,,,,,23.275,22.0,,23.78,22.5,,,22.0,,45.0,1066.6,3911.649999999999,66.0,1127.08,337.90000000000003,22.0,,137.0,103.45,44.0,,,,23.75,,22.5,,,,23.275,,135.0,20.0,46.55,69.0,887.0,22.0,22.5,22.0,161.85,,,,42.08,,,,780.55,,,44.0,742.5,364.50000000000006,374.0,252.35,66.0,584.92,223.5,206.79,459.0,130.45,,,15.94,,22.5,48.0,36.4,,28.5,85.5,,28.5,,35.0,28.0,27.0,60.31,55.3,27.0,,,885.32,,,3737.6,1513.56,1179.24,275.48,20.71,,,28.0,28.5,,926.66,19.5,6.0,,,1500.12,27.0,,122.68,,496.88,82.5,1645.371,1700.0279999999998,32.69,186.96,24.0,1070.59,2485.52,251.76,334.82000000000005,129.18,31.68,1865.084,12.0,322.397,28.0,28.0,,76.5,,25.04,251.5,,24.94,,61.04,,,,1240.52,,57.0,60.88,,,,,152.64,,30.32,1392.4700000000005,24.0,,580.88,24.0,,,355.29999999999995,25.0,24.58,463.44,24.0,168.95999999999998,,25.0,264.0,732.02,24.0,,,27.0,,,18.375,10.0,23.75,23.75,37.5,67.5,67.5,23.275,847.717,213.0,659.997,24.0,1149.329,,347.26,,,,1078.0,748.0,198.46,987.74,,,72.0,72.03999999999999,25.1,,,49.88,126.94,,10.0,38.4,,,26.86,24.02,101.92,,19.08,,968.36,547.9000000000001,,,,78.88,30.18,,,47.760000000000005,113.96,,25.0,12.0,,,,2307.8600000000006,623.47,25.3,,25.0,718.32,749.18,51.0,,,70.0,474.5,1334.65,,163.52,,,,278.48,285.06,5912.33,3871.02,,,23.275,23.75,,,,,,49.5,23.75,,18.75,17.15,27.5,,,,,,,,1462.0800000000002,3644.8399999999992,,20.04,,96.0,1150.74,1054.4799999999998,57.6,411.7,142.0,144.0,1583.68,2875.05,47.5,23.75,,23.75,57.5,,25.28,96.57999999999998,,23.9,48.0,123.28,337.5,,98.94,11.025,148.96,48.0,24.0,229.44000000000003,71.44,23.75,47.66,,98.48000000000002,95.22,,243.3,48.620000000000005,25.02,36.1,4.9,17.5,,1083.4400000000005,574.1199999999999,11.25,12.0,,,,,70.0,,617.5,,4449.249999999999,90.0,,,23.75,,,,111.52,10.0,23.75,,,,,54.0,,,794.3399999999999,23.75,24.5,,89.96,,,
2020-08-01 00:00:00+00:00,87.97999999999999,25.48,,,3398.66,2466.6399999999994,299.5,3002.61,95.0,23.75,74.18,201.0,,,,578.4100000000001,,76.82,80.14,,339.14,,80.44,23.75,2143.9600000000005,,,,23.75,,370.88,257.04,23.75,,23.75,,70.0,25.0,71.25,95.0,85.42,,,,,25.0,,2342.076,,229.1,812.38,955.349,,3109.000000000001,,,,,,,,,,2623.6000000000004,327.06000000000006,1054.42,25.0,,175.78,,,657.9000000000001,208.1,8.575,15.0,,,4141.96,,,1840.0,,,,,30.08,,7.5,937.44,,57.98,841.6199999999998,,,99.82,123.8,,,,,6.125,,24.5,,,,,249.12000000000003,,,270.24,23.275,,,237.5,260.15,832.0,12.25,,,,22.5,257.18,,,141.25,144.0,,44.0,505.18000000000006,99.14,20.0,25.62,,,,25.26,,,23.75,7.35,15.0,23.275,44.0,,,22.5,,,,,44.1,962.4,4088.2000000000007,22.0,865.7000000000002,286.1,23.0,,114.0,76.3,44.0,24.38,,,23.75,,45.0,,,23.75,,24.0,45.0,19.76,,115.0,527.0,,,44.0,189.15,,,,42.08,,,,910.6999999999998,,,22.0,382.5,286.20000000000005,132.0,200.1,22.0,405.1199999999999,99.2,310.09000000000003,222.6,107.1,,,,,,24.0,,,28.5,28.5,,,,,,,,28.96,,28.5,,720.78,,,2873.079999999999,1410.37,1135.24,217.92,,,,,,,868.22,,,,,1602.54,,,28.6,22.0,365.9800000000001,82.32,1589.671,1859.998,,,,1010.46,1616.32,276.84,363.64,62.99,94.11,1871.067,,320.631,44.8,28.0,,28.5,,,281.41,,,,30.6,,,,1029.7599999999998,,,62.66,,,,,153.62,22.0,,1170.67,,,337.23,,,,325.98,,248.46,169.14,,227.7,,,95.0,604.5,23.0,,48.0,,,,,13.75,,,,67.5,45.0,69.82499999999999,843.039,168.0,623.96,24.0,766.2260000000001,4.9,149.66000000000005,17.5,24.16,,704.0,638.0,272.38,1053.3799999999997,,,24.0,115.36,,,,24.82,,9.8,12.5,,21.25,36.0,78.0,,126.92000000000002,74.56,18.98,23.275,912.7199999999998,595.8999999999999,4.0,,24.38,113.1,30.32,,,47.96,154.01999999999998,24.9,,12.0,,,,1108.0800000000002,458.44,50.22,,50.0,316.04,,102.3,19.94,,46.0,481.66,1193.0,,180.92,24.5,,,302.1600000000001,236.58000000000004,5744.564,5146.820000000001,,,,23.75,23.75,,,,23.75,49.7,23.75,,15.0,,23.75,,,,,,,,1702.1799999999998,3216.9400000000005,,,49.8,96.0,963.789,983.28,56.8,432.08,95.0,120.0,1645.359,2240.4,23.75,,,,7.5,20.0,25.76,48.620000000000005,24.46,,,73.64,261.04,,291.58,,98.92,71.0,24.0,184.4,119.24,,75.13999999999999,,98.16,72.66,,281.18,43.82,,18.2,,,,1078.62,563.0,,,,24.56,24.0,,23.75,488.8,621.62,,4911.35,18.0,44.65,,,,,20.0,81.08,,23.75,49.0,,25.44,,18.0,12.5,,663.78,23.75,15.925,7.5,48.620000000000005,,,
2020-09-01 00:00:00+00:00,87.78,,6.25,,3834.96,2351.84,1220.5200000000002,3504.27,71.25,23.75,51.56,411.32,,47.54,583.74,742.3400000000001,,77.28,53.72,23.75,521.98,23.75,162.89999999999998,71.25,2302.2200000000003,24.5,24.5,36.25,23.75,23.75,352.16,261.94,,,47.5,,61.25,10.0,166.25,23.75,116.16,23.75,,,26.25,50.0,,2116.7960000000003,,264.28000000000003,805.1800000000002,938.553,29.64,3684.66,,,,,,,,12.25,10.0,2740.9,386.62,1164.44,,,146.84,24.5,25.0,380.9,212.0,,,,,4173.52,58.8,,1259.3,,15.0,,,88.32,23.75,3.75,200.04,,28.46,536.26,7.5,,51.16,99.42000000000002,42.67,10.0,,,7.35,,,,2.45,7.5,,172.88,25.9,25.8,371.5,23.275,,,213.75,130.1,806.6999999999999,,22.0,44.1,10.0,,145.28,,,166.25,191.0,21.7,22.0,553.22,99.28,,25.18,24.62,,,0.0,23.275,,23.75,,22.5,24.5,44.0,,25.58,,22.0,,22.0,,89.1,831.8000000000002,3853.7000000000007,44.0,929.2,338.30000000000007,23.0,,115.0,99.86,22.0,24.26,22.5,,23.75,,45.0,,,,23.275,,,19.78,,69.0,598.0,22.0,22.5,,160.35,8.0,,6.0,41.6,23.275,23.75,22.5,781.1500000000001,,,110.0,495.0,286.20000000000005,110.0,150.14999999999998,22.0,585.2399999999999,274.74,290.71000000000004,637.3000000000001,108.3,,28.5,,,,48.0,39.2,,57.0,57.0,,,27.0,22.0,28.0,,61.260000000000005,40.040000000000006,,28.5,,1041.5,,,2587.04,1441.3000000000004,1184.9799999999998,273.18,,,,28.0,28.5,,782.0600000000001,28.5,,1481.494,,1373.74,,,142.0,,378.06,61.98,1586.007,2116.319,,181.7,22.0,1008.04,2972.66,277.42,393.48,61.64,309.43,1994.14,,307.638,,28.0,,51.0,28.5,22.58,256.26,,,,61.2,29.82,,,1056.04,,57.0,60.98,,,,2213.0660000000003,153.08,24.0,31.12,1289.84,24.0,,588.04,48.0,,,351.84,25.0,274.8,172.36,24.0,102.6,23.275,25.0,237.0,716.04,24.0,24.5,,,,,,11.25,23.75,23.75,12.5,45.0,45.0,69.82499999999999,898.034,208.0,570.785,24.0,794.83,,330.40000000000003,,,,1254.0,836.0,371.68,1219.2800000000002,,,23.0,90.74,,,,25.48,,,46.25,38.4,,36.0,75.9,24.78,72.56,50.260000000000005,18.98,,989.7000000000002,870.6400000000001,4.0,,25.24,87.36,90.36,10.0,24.0,95.78,212.92,25.14,,12.0,,,,2374.78,737.24,72.67999999999999,,50.0,235.04,684.8800000000001,49.44,,,70.0,260.38,1336.13,,181.74,,,,397.38,423.96,6960.116999999999,5901.0,,,,23.75,,,,,,50.36,23.75,,33.75,,23.75,,4.9,18.75,7.35,8.75,,,1783.7999999999995,4386.040000000001,,20.04,,96.0,871.451,1066.12,76.8,367.56000000000006,119.0,48.0,1664.88,1607.65,23.75,23.75,4.0,43.75,10.0,20.18,54.120000000000005,72.08,,24.06,96.0,146.76000000000002,390.92,23.75,241.86,,128.48000000000002,95.0,24.0,48.42,49.58,47.5,100.04,,24.74,116.92,,237.86000000000004,46.92,24.56,52.74000000000001,,,,1005.46,897.38,,,,22.98,24.0,,,463.18,522.5600000000001,23.75,6478.200000000001,72.0,,,,,22.58,,190.94000000000003,,23.75,,,25.3,,54.0,,,741.78,,,,194.34,,,
2020-10-01 00:00:00+00:00,106.66,23.66,,,,2370.0999999999995,2009.2200000000005,3035.36,95.0,,75.0,352.24,,24.5,1118.54,1082.13,23.75,101.26,76.16,23.75,601.34,,162.82,47.5,2215.42,,,,40.0,,430.5800000000001,178.17999999999998,,,66.25,5.0,75.0,43.75,166.25,71.25,143.70000000000002,23.75,,,0.0,,15.0,2552.179,,317.8,812.02,1149.772,59.64,3314.58,13.75,,,,13.75,6.125,17.5,,,3237.0999999999995,657.7,1262.56,25.0,,176.04,,,145.7,721.0,4.9,16.25,,20.0,4185.299999999999,87.96000000000001,,1451.0,,8.0,,,86.94,,16.25,1002.015,,58.38,599.3999999999997,,,48.82,25.14,16.68,,,,,,24.5,,4.9,,,195.52,,24.42,319.82,46.55,,,308.75,312.25,806.05,7.35,6.0,,6.0,20.0,253.01,,,190.0,192.0,,44.0,476.13999999999993,148.0,20.0,25.26,,,,25.3,,23.75,,,,24.5,88.0,,,22.5,,,,45.0,134.1,935.4,4038.85,22.0,911.54,338.40000000000003,22.0,,136.0,76.24,44.0,24.24,,,23.75,40.0,45.0,22.5,,23.75,,,67.5,19.82,23.275,69.0,1222.0,22.0,,,134.45,,,,42.18,,,,1093.2999999999995,,,88.0,607.5,312.15000000000003,154.0,150.1,44.0,716.68,373.5,240.23,606.8,54.05,,28.5,14.94,,,47.0,35.0,,28.5,57.0,,,,,56.0,,60.64,33.56,,,,1157.9,44.16,,1561.7600000000002,1372.74,1012.84,308.28,,28.5,,28.0,28.5,,652.2400000000002,21.0,,1260.212,31.38,1494.94,27.0,24.96,120.04,,379.78,81.44,1758.384,2290.501,,184.48,24.0,277.62,2478.32,249.02000000000004,362.5,94.4,31.32,2068.085,,361.1,,23.8,,81.0,,24.78,280.36,,,11.0,63.120000000000005,29.62,,23.0,1034.68,,57.0,31.24,,,,2120.972,120.2,,,1377.18,,,587.72,71.0,,,265.79999999999995,,451.38000000000005,149.62,24.0,301.32,,,166.0,675.8,24.0,,24.0,,,,18.375,23.75,23.75,,47.5,67.5,22.5,23.275,783.937,192.0,546.643,,1376.648,,347.52000000000004,,24.56,,836.0,682.0,516.62,986.2,,,23.0,91.84,,,18.75,49.9,,,8.75,38.4,,36.0,51.34,25.26,50.16,,18.96,,420.66,888.6800000000002,4.0,,25.34,59.04,90.0,,,91.48,307.44,,,12.0,,,8.75,818.3600000000001,342.88,50.48,,25.0,318.52,1631.4800000000002,,20.06,,46.0,314.92,1039.0000000000002,,197.06,24.5,,,300.88,219.52,5320.792,6072.9800000000005,,,23.275,23.75,,,,,,49.8,,,23.75,4.9,18.75,,,,,,,800.3799999999999,1773.2,3855.26,,20.26,73.78,153.6,496.524,1055.92,76.8,388.48,120.0,96.0,1366.082,2065.15,23.75,23.75,,23.75,,39.98,25.84,49.3,,23.64,96.0,97.82,412.74,,583.28,11.025,179.92,95.0,,219.32,74.34,23.75,74.36,,72.44,73.18,,146.29999999999998,49.42,24.4,18.1,4.9,17.5,72.0,1121.1,552.68,23.75,,,22.62,,,,459.7000000000001,855.48,,8312.4,72.0,,,,141.28,,20.0,167.5,,,,,,,18.0,23.75,,660.68,46.25,24.5,,93.5,,,
2020-11-01 00:00:00+00:00,86.5,24.76,,,,2243.9200000000005,1883.9600000000005,3808.84,71.25,,,225.22000000000003,,,785.9799999999999,678.38,,103.02,104.86,23.75,523.88,,135.57999999999998,23.75,2171.9200000000005,,11.025,23.75,23.75,23.75,462.54,346.02,,,35.0,12.5,46.25,25.0,142.5,71.25,172.26,47.5,,,,47.5,,2512.403,,305.28,891.48,1074.061,29.28,3921.68,,2.45,15.0,,,13.475,,4.9,10.0,2836.9,747.78,1321.42,,,58.44,24.5,,113.34,1415.7200000000005,,,,,4056.32,88.08,,1980.34,,,,,116.82,,,1000.232,25.0,28.4,300.52000000000004,,,100.38,123.42,29.4,8.0,,,7.35,,23.275,,,,,323.18,25.74,25.1,370.5799999999999,,,,308.75,286.15,780.9,,12.0,4.9,5.0,12.5,353.05999999999995,,,190.0,192.0,21.7,,532.5,123.86,20.0,25.5,,,,,23.275,46.75,,7.35,15.0,,,,24.7,44.55,22.0,,,,90.0,883.8499999999999,4059.8,22.0,809.6199999999999,338.3,,,176.0,76.14,44.0,48.540000000000006,22.5,,,40.0,22.5,,,,23.275,,180.0,19.8,23.275,46.0,768.0,,22.5,,213.6,,11.25,,64.88,,,,1431.6,,,88.0,742.5,260.35,220.0,200.4,22.0,661.7800000000001,446.8,291.63,826.0,107.3,,28.5,,4.2,24.0,48.0,14.0,,,57.0,,28.5,,44.0,28.0,27.0,29.99,48.8,27.0,28.5,,1038.62,,31.18,1960.9200000000003,1255.37,774.4200000000002,244.68,,,,7.0,22.5,,699.9599999999998,19.5,,,,1601.0300000000002,,,117.0,,514.8599999999999,62.32,1713.211,2320.264,,182.42,,577.9200000000001,2260.72,280.70000000000005,397.35,94.47,63.8,1962.475,,493.475,28.0,28.0,,51.0,,22.74,252.28,,24.56,,60.99,,8.75,15.0,1018.7400000000002,,57.0,61.46,,,,2024.29,213.14,24.0,,1388.5199999999998,24.0,,491.92,72.0,,,242.48,25.0,404.3,272.42,24.0,104.52,24.5,25.0,159.0,721.9000000000001,24.0,24.5,24.0,,,,4.9,26.25,23.75,,37.5,90.0,90.0,23.275,885.9860000000001,215.0,551.3380000000001,,1204.677,,352.92,,,,1342.0,968.0,719.0400000000001,981.38,,,95.0,91.86,23.78,22.5,,24.74,,,13.75,38.4,21.25,36.0,74.34,,75.75999999999999,74.86,19.06,,670.8400000000001,965.0600000000002,4.0,,,141.8,60.18,,48.0,24.36,159.08,25.26,,12.0,,,,916.38,317.72,75.58,,75.0,1682.7,1495.9,,20.08,23.98,48.0,181.06,1212.63,24.0,108.26,,23.75,,347.64,417.64,6514.57,5547.18,,,23.275,23.75,,,40.0,,,52.760000000000005,23.75,,17.5,,,,4.9,18.75,,,,2211.5199999999995,1784.82,3720.58,15.0,20.1,,134.4,290.546,976.6,57.6,368.62,96.0,96.0,1556.159,2367.15,23.75,,,23.75,23.75,42.040000000000006,25.84,23.82,24.16,24.3,96.0,150.14,444.94,,316.76000000000005,17.15,152.7,72.0,,217.38,71.9,23.75,48.52,,101.34,70.74000000000001,,212.98,46.52,24.58,18.04,,,48.0,1013.64,342.92,,,,21.1,,,,429.38,883.38,,7191.35,36.0,37.9,,23.75,85.28,,20.0,138.88,,,23.275,23.275,25.8,,18.0,,,715.3000000000001,23.75,24.5,,24.86,,,
2020-12-01 00:00:00+00:00,88.72,,3.75,,,2417.28,2146.9999999999995,2400.76,23.75,,51.02,298.72,,41.84,430.3,511.91,,100.36,53.52,23.75,653.9200000000001,,80.03999999999999,23.75,2469.76,,22.05,25.0,,,635.5600000000001,233.9,23.75,,92.5,2.5,61.25,10.0,47.5,47.5,172.89999999999998,23.75,,13.475,12.5,25.0,17.5,2683.837,,375.96,902.62,1253.993,29.58,3449.18,,7.35,10.0,14.7,10.0,,,8.575,12.5,3620.3,833.76,1356.24,25.0,,115.76,,25.0,335.96,1828.4,,,,,3918.54,87.9,,1095.3,25.0,11.25,,,87.53999999999999,,12.5,234.44,,57.86,479.6,,,75.74000000000001,,,,,,,,,,,23.75,,337.64,,23.96,421.72,23.275,,,237.5,182.45,1066.1,6.125,17.0,22.05,,,237.66,,,190.0,192.0,,,378.82,99.8,20.0,,25.06,,,24.86,,,23.75,,,24.5,44.0,,25.36,,22.0,25.0,,,45.0,960.05,4813.55,,670.4799999999999,364.55000000000007,22.0,,66.0,126.82000000000002,,,,,25.0,40.0,45.0,22.5,,,,,135.0,39.46,,69.0,910.0,,,,135.05,,,,65.44,23.275,,,1588.6,,,44.0,585.0,312.20000000000005,198.0,475.25000000000006,22.0,709.28,420.88000000000005,265.04,509.2500000000001,107.85,,,,,,24.0,44.8,,28.5,85.5,,,,,28.0,,30.19,66.82,,28.5,,928.39,,,1439.14,1595.38,1312.12,277.78000000000003,,,,,,,702.3399999999999,15.0,,,,1732.5700000000002,,24.72,29.62,,524.62,62.81999999999999,1604.27,2014.329,,,24.0,458.53,3650.1,333.31,456.19,121.94,63.53,1980.5850000000005,,523.249,,28.0,,28.5,,23.92,971.2600000000002,,25.0,,62.54,29.86,,,1125.5399999999995,,57.0,61.27,,,,2114.016,215.22,,,1544.65,12.0,,676.2700000000001,48.0,,,407.7,,704.58,249.84,48.0,201.08,,,259.0,507.6,24.0,,48.0,,,,,2.5,23.75,,18.75,22.5,22.5,69.82499999999999,984.169,167.0,442.539,24.0,1140.624,14.7,311.3,7.5,,,1012.0,660.0,518.96,451.0,,,,138.18,,,,50.22,51.92,9.8,25.0,19.2,,12.0,25.88,25.02,102.88,25.06,38.38,24.5,520.7,988.5800000000002,4.0,,24.84,79.74000000000001,,10.0,,71.75999999999999,114.44,25.38,,24.0,,,,1452.3600000000004,624.86,50.120000000000005,,75.0,2209.2000000000003,2016.52,103.14,20.18,,96.0,233.9,725.04,,160.72,,,,174.26000000000002,260.06,6515.965,6263.000000000001,,,,,,,80.0,,,77.12,23.75,,23.75,15.925,31.25,,,,,,,2569.4800000000005,2147.44,3956.26,,,,76.8,502.345,960.06,57.6,438.00000000000006,72.0,48.0,1349.021,2324.55,23.75,23.75,,23.75,5.0,20.04,26.22,23.88,24.6,23.68,45.0,123.42,205.2,,315.54,11.025,153.42000000000002,69.0,,142.27999999999997,46.44,,149.76000000000002,,102.64,159.66,,361.34,72.4,,36.38,,,,1033.86,635.5799999999999,23.75,,18.75,24.42,,,,356.1,954.62,23.75,8065.4,36.0,,,25.0,112.74,,,136.88,,23.75,,23.275,,,,,25.56,736.36,23.75,,,101.36,,,
2021-01-01 00:00:00+00:00,87.68,24.68,,,1145.68,2671.4,1728.96,2647.98,47.5,23.75,,251.66,,25.44,494.36000000000007,871.03,23.75,100.92,101.7,,521.7199999999999,,135.88,47.5,1460.56,,12.25,,17.5,23.75,345.64000000000004,229.42,,12.25,23.75,11.25,56.25,15.0,118.75,71.25,116.1,23.75,,14.7,12.5,25.0,,2799.071,412.42,257.58000000000004,779.1,1401.531,29.8,2859.3,17.5,7.35,10.0,,,,23.75,,,2667.0,477.46,1240.4,,,267.58,24.5,,470.52,2093.9,,,,20.0,3832.38,58.86,62.34,1398.7999999999995,,,,,87.06,,,914.88,,111.26,598.8199999999999,7.5,,75.08,122.12,29.0,8.0,,,7.35,,23.275,,,,,345.52000000000004,25.14,,441.66,,,,237.5,182.0,807.3,12.25,,34.3,10.0,15.0,177.6,,,118.75,144.0,,22.0,272.64,123.9,20.0,25.22,,,,24.68,23.275,,23.75,9.8,12.5,24.5,,,24.86,,,75.05,22.0,22.5,44.1,1039.15,4831.700000000001,22.0,749.2199999999999,337.9,22.0,,110.0,101.8,22.0,23.8,,22.5,,40.0,,,,,24.5,24.0,157.5,39.7,23.275,23.0,864.0,22.0,22.5,,216.4,6.0,,4.0,84.78,,,21.25,2032.45,24.0,,66.0,1725.0,286.65,242.0,99.95,22.0,608.98,271.38,199.3,600.15,107.85,,28.5,,5.6,22.5,72.0,,,28.5,57.0,,,15.0,22.0,28.0,,,50.18000000000001,27.0,,,934.67,,,2205.96,1203.52,1467.02,122.62,,,,,28.5,,806.8,,,,30.98,1423.0600000000002,,,122.24,,340.68,60.94,1524.1,420.686,32.35,215.38,,648.9599999999999,2373.68,216.11,331.44,62.22,403.46,1955.759,,535.441,,28.0,,57.0,,24.82,1166.38,,24.74,11.0,154.2,29.82,,24.0,983.26,,28.5,62.44,,,,2067.617,182.74,23.0,,1176.76,24.0,,558.44,24.0,30.36,,379.04,,327.82,344.82,24.0,343.88000000000005,,25.0,192.0,664.34,,,,,19.6,28.0,,53.75,23.75,23.75,32.5,112.5,22.5,46.55,689.8489999999999,192.0,614.819,24.0,1102.494,23.275,400.7600000000001,,23.78,,770.0,616.0,592.9000000000001,1077.9,,,71.0,138.17999999999998,,,,24.3,26.16,,,57.6,,36.0,26.8,,126.12,102.24,19.02,24.5,469.06,866.12,4.0,,,59.38,89.22,,22.0,68.94,138.96,,,,,,,1738.6199999999997,518.38,50.78,50.7,25.0,721.8799999999999,1616.6399999999996,128.64,20.12,,24.0,181.04,1592.2899999999995,24.0,196.64,,22.5,,149.56,286.04,6116.814,4001.14,,,23.275,23.75,23.75,,60.0,23.275,23.75,51.0,23.75,,17.5,,23.75,,,,3.675,37.5,,4063.36,,4426.54,,20.28,25.16,115.2,760.957,910.02,56.8,351.44,48.0,96.0,1359.479,2132.8,47.5,,4.0,20.0,20.0,20.06,27.12,63.39,,24.08,72.0,122.72,341.64,23.75,122.08,11.025,147.24,71.0,65.0,148.6,24.68,47.5,49.72,24.0,73.56,98.5,,582.26,46.8,25.32,35.879999999999995,,,24.0,1006.34,768.2399999999998,,,,,,,,660.2600000000001,738.5800000000002,,7831.200000000001,36.0,39.4,378.02,47.5,305.22,144.0,,137.94,,23.75,,,,,,,409.56000000000006,,,22.05,,49.8,268.98,5079.740000000001,23.275
2021-02-01 00:00:00+00:00,108.16,,,,1865.32,2865.6,1728.8800000000003,3045.11,95.0,,25.06,275.79999999999995,,49.88,530.46,832.4799999999999,,74.48,127.18,,418.24,23.75,108.16,47.5,2003.3400000000004,24.5,49.0,18.75,23.75,,408.0,205.18,,,58.75,12.5,18.75,5.0,142.5,47.5,144.36,23.75,,,41.25,,,2427.1910000000003,388.46,193.5,661.5999999999998,983.426,29.5,1800.52,,,,,8.75,,,7.35,11.25,1954.3,477.96,1095.4199999999998,25.0,,206.88,,25.0,238.42,1484.48,,,12.25,10.0,3322.639999999999,87.7,59.46,1505.5,,,4.9,17.5,88.72,,,999.922,,144.45999999999998,419.58,7.5,,99.5,24.6,30.82,6.0,,,7.35,,23.275,,6.125,,,291.9,25.2,24.9,417.3200000000001,23.275,,,213.75,75.8,859.63,,,6.125,,6.25,241.11,,,166.25,144.0,21.7,22.0,175.82000000000002,122.36,20.0,50.82,,23.75,,,,23.0,,3.675,18.75,24.5,44.0,22.0,23.9,44.55,,75.05,,,67.5,957.4199999999998,4916.64,44.0,585.48,309.86,22.0,,110.0,101.84,44.0,24.46,22.5,,25.0,,67.5,,,23.75,,,247.5,58.96,23.275,23.0,932.0,22.5,22.5,,106.65,,,,64.94,,23.75,,1043.2099999999998,,,66.0,1041.25,312.17,242.0,125.96,66.0,604.0799999999999,367.3,477.39,798.36,107.54,88.0,,,,,94.0,65.275,,28.5,84.0,,28.5,,47.5,28.0,,59.58,54.22,,28.5,,556.89,,,1602.8200000000002,1250.4900000000002,1373.7399999999998,277.40000000000003,,,,11.2,16.5,8.0,856.2800000000001,,,279.442,,1433.32,25.0,,121.74,22.0,367.5999999999999,41.24,1335.1,363.198,,180.92,22.0,861.7800000000001,3085.5600000000004,120.25,362.2200000000001,90.85,219.07,1766.547,12.0,470.408,,28.0,,109.25,,23.58,1120.9,,,,185.16,,,24.0,933.86,,57.0,60.61,,,,1422.54,184.62,,,1304.14,,,429.01,47.0,,31.72,355.04,25.0,502.3200000000001,258.17999999999995,,346.48,24.5,,,798.52,22.0,24.5,47.0,,24.5,24.0,,18.75,25.0,,36.25,45.0,45.0,69.82499999999999,875.681,208.0,555.636,,1081.538,12.25,247.84000000000003,12.25,22.46,,836.0,594.0,592.5999999999999,1045.8199999999997,,,23.0,91.64,,,,49.06,102.36,,,38.4,,36.0,52.46,,124.92,100.6,19.14,,321.79999999999995,985.54,8.0,,,88.28,59.94,,72.0,24.52,135.54,,,24.0,23.75,,,1735.28,530.34,25.06,52.0,25.0,969.26,1672.36,,,,95.0,303.64,808.76,,108.94,,22.5,,248.2,237.24,5679.937,4098.14,,,,22.5,,,,,,49.24,,,33.75,,23.75,,,,,,,2209.7,,4261.440000000001,23.75,40.42,24.94,115.2,797.2810000000001,946.72,76.8,257.68,120.0,96.0,1196.561,1630.35,,22.5,,23.75,23.75,40.18,27.6,44.82,,45.26,120.0,123.04,261.5,23.75,,9.8,140.50000000000003,95.0,,217.0,72.16,23.75,93.58,,76.92,117.3,,513.66,47.28,74.66,18.02,,,,1044.46,600.16,23.75,,23.75,21.28,24.0,,46.25,920.64,688.3399999999999,23.75,7524.7,54.0,,598.94,23.75,331.0,97.72,23.75,110.82,10.0,,24.5,,,,,,408.6,,23.75,23.275,,69.14,170.74,5598.58,24.5
2021-03-01 00:00:00+00:00,88.18,24.52,27.5,,1912.34,3007.9100000000003,2194.6800000000007,3737.99,23.75,23.75,50.9,225.54,23.75,51.56,1233.2999999999995,886.04,,102.34,77.62,23.75,601.26,,137.54,47.5,2360.9600000000005,24.5,36.75,35.0,23.75,23.75,399.48,288.5,,,70.0,25.0,83.75,35.0,71.25,23.75,169.68,71.25,,24.5,5.0,25.0,20.0,2652.565,450.78,,901.02,1199.907,119.38,615.96,,7.35,10.0,,,,16.25,,,1947.9,565.0400000000001,1347.4599999999998,,,176.06,24.5,25.0,,1953.6600000000003,,,,25.0,3795.86,88.25999999999999,55.06,1882.8,,15.0,,,90.32,23.75,,110.38,25.0,202.16,239.82,,,,123.56,14.1,5.0,,,7.35,23.75,,,,,,521.1999999999999,,24.52,444.36,,,,285.0,78.1,729.3999999999999,3.675,25.0,33.075,8.0,23.75,259.02,,6.125,112.5,120.0,,22.0,200.08,173.94000000000003,40.0,50.82,25.0,,,24.07,,23.75,23.75,,,,88.0,,25.22,,22.0,50.05,22.0,22.5,133.2,831.7000000000002,5425.55,22.0,666.5200000000001,338.05,,,176.0,128.68,22.0,48.64,,,23.75,,45.0,22.5,,,24.5,24.0,292.5,84.66,46.55,23.0,935.0,,45.0,,81.0,14.0,,9.0,89.22,,31.25,,1015.6,,,88.0,467.5,417.35,308.0,200.9,44.0,714.6200000000001,392.82,356.94000000000005,838.7,108.0,88.0,28.5,14.86,,,48.0,42.0,,85.5,57.0,29.94,,,24.0,28.0,27.0,,69.92,,,27.0,1185.01,,,950.72,1235.87,1739.5,428.39,,,,,28.5,,1048.56,11.25,,1857.558,30.18,1530.7199999999998,27.0,24.78,152.46,,550.1800000000002,81.9,1480.879,1822.002,,216.93,22.0,617.92,3344.0399999999995,216.68,433.18,94.57,94.09,1888.822,,530.773,,28.0,,57.0,28.5,24.48,786.9000000000002,,,11.0,182.59,29.92,,22.0,1115.88,,57.0,61.99,,,,3181.338,186.0,24.0,,1492.9600000000005,24.0,,648.1,48.0,,,361.50000000000006,,526.5,344.0199999999999,48.0,304.32,,25.0,140.0,811.5600000000001,,,,,24.5,48.0,,17.5,47.5,,42.5,45.0,45.0,69.82499999999999,583.953,208.0,612.193,,1088.05,11.025,384.06,12.5,,,418.0,594.0,696.5,1217.1999999999998,,,71.0,137.34,24.0,,18.75,24.76,151.5,9.8,,38.4,,48.0,49.92,,101.12,151.08,19.02,,443.8,1117.5,4.0,4.0,24.02,80.22,30.16,10.0,24.0,48.96,158.01999999999998,25.1,10.0,7.0,,,,1701.8799999999994,689.7399999999999,54.56,,25.0,1501.8200000000002,1973.58,178.78,19.92,,46.0,408.56,1393.06,24.0,141.38,,,,151.38,292.68,7991.934,4349.86,,,23.275,47.5,,,,,,77.28,47.5,,17.5,7.35,16.25,,,,,,,2472.26,,3735.520000000001,,40.06,24.92,134.4,546.446,995.12,76.8,639.0400000000001,72.0,144.0,1033.559,1380.15,23.75,,,23.75,35.0,60.0,55.8,71.68,24.88,23.82,96.0,124.64,342.12,23.75,,22.05,170.64,119.0,,,47.74,,73.5,,121.56,96.6,,584.4399999999998,24.4,73.84,13.14,,,47.0,1048.8,511.66,,,,22.02,,,23.75,491.7000000000001,869.6999999999997,,9131.55,90.0,,436.36,23.75,442.38,171.68,23.75,165.88,,47.5,,24.5,,,18.0,,486.58,,23.75,24.5,,279.08,295.37999999999994,7019.28,
2021-04-01 00:00:00+00:00,84.72,0.0,,,1754.13,2971.2,1832.5,3050.63,47.5,0.0,23.18,324.68,0.0,25.48,928.22,804.06,0.0,50.44,105.4,23.75,424.42,0.0,108.66,47.5,1848.88,,0.0,47.5,23.75,0.0,378.22,229.88,0.0,0.0,82.5,12.5,70.0,25.0,118.75,0.0,115.93999999999998,0.0,6.25,14.7,0.0,50.0,0.0,2665.067,480.88,344.04,1200.28,1136.542,0.0,669.62,0.0,0.0,13.75,24.5,0.0,0.0,0.0,12.25,10.0,2001.9,505.78,1081.98,25.0,0.0,0.0,24.5,25.0,58.52,1659.4800000000002,,0.0,0.0,0.0,3532.16,117.2,64.4,1466.0,,0.0,0.0,0.0,88.96000000000001,0.0,0.0,1101.97,,143.64,,23.75,,24.7,124.42000000000002,13.68,5.0,,,,,24.5,,,18.75,,338.98,24.66,50.900000000000006,538.76,23.275,,,403.75,0.0,1448.35,8.575,9.0,0.0,0.0,16.25,278.49000000000007,0.0,0.0,95.0,72.0,21.7,22.0,225.1,49.78,20.0,50.76,0.0,,,25.4,23.275,23.0,23.75,9.8,12.5,72.275,0.0,44.0,24.9,22.5,22.0,49.95,,0.0,45.0,805.1100000000001,5443.220000000001,44.0,666.32,338.1,44.0,,132.0,101.37,44.0,24.4,,22.5,23.75,0.0,45.0,,0.0,23.75,,,292.5,59.46,23.275,67.0,908.0,,22.5,22.0,108.15,5.0,8.75,0.0,65.6,0.0,0.0,,902.6699999999998,,,66.0,956.25,306.06999999999994,330.0,275.12,66.0,684.9799999999999,544.46,432.88,854.1899999999999,132.34,22.0,,14.9,,0.0,72.0,58.8,24.5,52.25,80.75,,28.5,0.0,22.0,56.0,27.0,29.62,51.98,0.0,28.5,,1102.53,,31.43,2021.86,1074.18,1153.7200000000005,342.66,,28.5,0.0,28.0,,5.0,981.7100000000002,12.0,,1931.676,30.88,1648.4399999999996,,0.0,151.3,,427.98,94.68,1633.655,2103.596,0.0,212.39,0.0,340.98,3753.54,276.48,307.73,63.11,31.97,1819.894,,513.258,0.0,28.0,,51.0,,47.28,250.31,,24.86,11.0,181.17,29.86,6.0,18.0,1089.0199999999998,,57.0,61.5,,,0.0,2114.366,213.02,,0.0,1305.7,24.0,,492.84,48.0,0.0,,536.96,25.0,474.88,169.01999999999998,24.0,424.34,0.0,0.0,168.0,654.5200000000001,23.0,24.5,47.0,0.0,8.575,15.0,,16.25,25.0,,45.0,90.0,45.0,69.82499999999999,883.654,145.0,564.225,24.0,1365.733,0.0,177.38,0.0,0.0,45.8,660.0,528.0,644.02,966.2,,0.0,211.0,91.74,0.0,,0.0,49.82,102.54,0.0,26.25,19.2,21.25,12.0,26.8,0.0,101.9,75.39999999999999,19.04,24.5,73.22,873.7,8.0,0.0,0.0,58.28,59.92,0.0,1.0,48.94,137.04000000000002,25.0,0.0,24.0,,,,1848.74,708.8400000000001,101.4,51.52,25.0,1413.94,1706.0400000000004,0.0,19.98,0.0,70.0,280.74,1772.7,24.0,65.58,0.0,0.0,0.0,74.5,364.66,6449.189,3538.92,0.0,,46.55,23.75,23.75,0.0,0.0,0.0,0.0,49.9,47.5,,38.75,12.25,0.0,0.0,3.675,20.0,0.0,0.0,23.75,2422.499999999999,,3646.2,0.0,19.66,24.56,96.0,507.894,962.4400000000002,38.4,303.64000000000004,96.0,120.0,1221.26,2395.45,47.5,0.0,,46.25,12.5,19.94,26.14,23.84,0.0,23.9,72.0,99.74,288.42,0.0,98.66,11.025,123.71999999999998,95.0,72.0,172.57999999999998,48.86,47.5,48.96,,126.04,94.48,,558.6,49.82,50.08,18.14,0.0,0.0,24.0,1005.82,441.2,23.75,,23.75,0.0,,24.86,0.0,429.82,799.48,23.75,8693.85,36.0,38.55,358.74000000000007,23.75,442.76,171.44,0.0,194.36,0.0,23.75,,0.0,,,0.0,0.0,456.7000000000001,,0.0,0.0,0.0,0.0,120.26,5074.599999999999,
2021-05-01 00:00:00+00:00,109.12,24.96,,,1819.12,2597.6800000000003,1584.22,3731.83,95.0,23.75,25.36,227.06,,50.52,1181.8200000000002,796.5200000000001,0.0,74.67999999999999,80.56,23.75,370.7,0.0,133.22,47.5,1463.9400000000005,0.0,11.025,12.5,43.75,23.75,405.6799999999999,259.22,,0.0,106.25,12.5,57.5,37.5,95.0,71.25,145.2,47.5,25.0,13.475,13.75,0.0,0.0,2630.809,359.76000000000005,287.46000000000004,1048.14,1480.406,59.400000000000006,785.24,0.0,0.0,0.0,0.0,0.0,0.0,0.0,0.0,0.0,1471.1,502.58,1046.02,0.0,0.0,0.0,,0.0,296.0,1883.48,,0.0,20.825,25.0,3501.44,117.92,60.14,1861.7,,6.25,0.0,0.0,89.38,0.0,15.0,857.48,,171.98000000000002,,0.0,,76.02000000000001,98.6,29.200000000000003,8.0,,,7.35,,,,,,,348.48,24.98,25.16,417.4799999999999,0.0,23.75,,403.75,0.0,1769.2000000000005,0.0,0.0,17.15,23.0,5.0,275.34,0.0,0.0,142.5,120.0,,44.0,149.24,199.36,40.0,25.2,25.16,,,0.0,23.275,23.75,0.0,,,24.5,66.0,0.0,25.34,22.05,,75.25,22.0,11.25,45.0,468.95,3583.55,0.0,574.52,286.01000000000005,22.0,,198.0,75.91,22.0,24.32,22.5,22.5,0.0,0.0,45.0,0.0,,,,,270.0,40.84,23.275,46.0,1006.0,22.0,0.0,0.0,81.25,0.0,0.0,0.0,87.74000000000001,24.5,22.5,0.0,1086.5599999999995,0.0,,44.0,1105.0,364.7500000000001,154.0,150.25,88.0,552.18,336.56,352.67,802.0999999999999,134.2,88.0,28.5,12.88,0.0,28.5,72.0,0.0,0.0,28.5,57.0,,0.0,25.5,0.0,28.0,0.0,61.7,48.54,0.0,28.5,,1039.9,,0.0,2063.14,1173.6600000000003,966.86,245.78000000000003,,28.5,0.0,28.0,28.5,,778.9800000000001,21.0,3.0,511.094,,1584.12,27.0,25.08,121.72,22.0,401.84,63.06,1727.5,2243.609,0.0,186.46,22.0,1016.16,3693.72,249.3,392.97,94.51,95.52,2012.42,0.0,527.32,0.0,28.0,,54.0,28.5,24.9,215.8,,0.0,0.0,126.06,31.12,9.0,39.0,673.62,,57.0,60.72,28.5,,0.0,2354.87,214.24,24.0,,1302.7400000000002,24.0,24.76,683.98,24.0,0.0,,511.6,0.0,521.0400000000001,443.8400000000001,24.0,442.8200000000001,24.5,23.75,168.0,675.2800000000001,24.0,,,,6.125,17.0,,42.5,0.0,,48.75,45.0,45.0,23.275,608.293,118.0,502.362,,1192.398,17.15,277.42,6.25,24.1,,770.0,594.0,395.7,968.16,74.38,0.0,46.0,91.74,,22.5,0.0,74.66,78.34,1.225,5.0,37.6,0.0,0.0,26.84,24.52,99.4,119.66,18.96,,149.34,822.8400000000001,4.0,22.0,0.0,116.82,119.86,10.0,24.0,48.48,180.64,25.08,0.0,0.0,,,,1443.9799999999998,514.02,75.0,0.0,50.0,1667.2799999999995,579.8199999999999,0.0,0.0,23.88,71.0,357.05999999999995,1853.11,0.0,0.0,0.0,22.5,0.0,147.42000000000002,363.0799999999999,7362.291,3043.96,23.75,,0.0,0.0,0.0,,,14.7,8.75,73.46000000000001,47.5,,0.0,12.25,5.0,0.0,0.0,0.0,0.0,0.0,,2346.28,,3959.66,0.0,19.96,0.0,96.0,662.4760000000001,972.24,57.6,367.94,96.0,119.0,1114.659,1541.1,23.75,23.75,,47.5,0.0,19.96,24.8,46.34,0.0,24.02,48.0,123.06,311.44000000000005,23.75,148.42000000000002,11.025,123.74,95.0,48.0,241.7,48.1,0.0,44.18,24.0,99.32,96.52,,571.56,71.74,48.64,18.08,0.0,0.0,0.0,1150.22,447.94,0.0,0.0,0.0,25.04,0.0,0.0,0.0,331.4,725.5000000000001,23.75,9509.4,0.0,0.0,414.86,,387.44,99.0,0.0,140.3,0.0,23.75,24.5,23.275,0.0,,36.0,12.5,540.06,,0.0,17.15,7.5,25.0,122.28,5177.919999999999,24.5
2021-06-01 00:00:00+00:00,88.48,0.0,,,1871.9000000000003,2512.48,1777.1,2860.12,46.25,,51.52,252.48,,24.74,901.76,792.06,0.0,75.86,50.38,,494.0,,108.38,70.0,1650.6400000000003,,12.25,11.25,23.75,,427.82,262.4,,0.0,0.0,23.75,16.25,31.25,95.0,47.5,28.9,,5.0,0.0,0.0,0.0,0.0,2311.415,434.5199999999999,290.54,1058.88,1136.279,58.56,791.22,7.5,0.0,10.0,0.0,0.0,0.0,0.0,6.125,10.0,2302.8,506.66,1082.9199999999998,25.0,0.0,,24.5,0.0,,1406.5200000000002,,0.0,0.0,0.0,2771.94,117.24,38.6,1681.12,,0.0,0.0,0.0,87.67999999999999,0.0,0.0,885.64,,86.14,0.0,0.0,,125.90000000000002,121.86,38.400000000000006,17.0,,,0.0,,24.5,,,0.0,,362.98,,25.08,346.14,46.55,71.25,,498.75,207.89,1821.91,12.25,22.0,22.05,9.0,0.0,306.97,0.0,0.0,118.75,120.0,21.7,22.0,358.5,148.66,40.0,24.46,0.0,,,25.4,0.0,0.0,23.75,0.0,22.5,24.5,110.0,22.0,25.74,,,50.0,,0.0,88.2,468.0400000000001,4519.549999999999,22.0,764.5,208.03,0.0,,176.0,127.9,66.0,24.24,,0.0,23.75,0.0,22.5,22.5,,0.0,0.0,0.0,157.5,79.42,23.275,67.0,1128.0,22.0,0.0,22.0,107.99,0.0,0.0,0.0,64.68,0.0,0.0,,1062.6,0.0,,66.0,1105.0,364.31,330.0,25.1,66.0,629.5799999999999,448.38,218.18,736.47,108.25,88.0,,15.88,,0.0,96.0,14.0,0.0,0.0,57.0,,28.5,,23.0,56.0,27.0,61.95,66.14,27.0,28.5,,1189.4899999999998,0.0,0.0,2221.46,1165.0800000000004,904.9399999999998,400.43000000000006,,,0.0,,,0.0,778.4399999999998,0.0,,,,1706.76,27.0,0.0,122.0,,461.98,62.44,1574.3,2193.471,0.0,154.11,22.0,737.8899999999999,3116.66,304.62,372.88000000000005,0.0,283.8,1919.036,,481.531,0.0,28.0,,52.5,,24.7,412.16,,0.0,0.0,216.35,0.0,,24.0,1275.56,,57.0,61.93,,,0.0,2127.698,216.26,22.0,0.0,1172.44,,19.94,620.6899999999999,24.0,119.78,31.76,466.6,25.0,277.4,523.6,71.0,74.36,0.0,23.75,192.0,601.7199999999999,0.0,24.5,23.0,,26.95,43.0,,,,23.75,22.5,45.0,45.0,23.275,758.788,168.0,495.096,24.0,1124.271,0.0,433.22,0.0,0.0,,968.0,836.0,371.92,1140.9600000000005,73.5,148.61999999999998,0.0,114.8,,,0.0,49.02,128.58,0.0,0.0,55.99999999999999,,0.0,53.38,0.0,50.24,172.82000000000002,19.04,0.0,224.12,1045.14,0.0,0.0,49.64,59.82,114.9,0.0,48.0,24.22,230.56,25.72,10.0,19.0,,,,1339.9000000000003,587.1800000000001,0.0,103.52,25.0,1237.0599999999995,637.04,102.06,20.08,0.0,90.0,251.76,1590.4,0.0,71.14,0.0,0.0,,225.71999999999997,236.94,5937.14,3777.94,,,0.0,47.5,,,15.0,12.25,11.25,49.900000000000006,23.75,,43.75,0.0,18.75,0.0,0.0,0.0,0.0,0.0,,2490.74,,4955.0,0.0,20.22,50.24,76.8,963.649,980.5,57.6,423.28,72.0,96.0,1053.042,1597.05,71.25,0.0,0.0,23.75,0.0,60.06,25.86,0.0,0.0,24.14,48.0,124.48,261.68,0.0,49.42,11.025,124.78,0.0,0.0,193.48,71.3,23.75,0.0,,125.58,93.78,,547.9,24.64,100.04,17.64,0.0,,0.0,1074.3000000000002,659.2,0.0,,0.0,24.84,24.0,23.06,0.0,589.22,842.46,23.75,7723.679999999999,54.0,,361.6000000000001,23.75,418.46,147.22000000000003,47.5,140.16,0.0,0.0,,24.5,,120.0,54.0,0.0,483.66,,23.75,24.5,0.0,74.08,146.22,5871.939999999999,
2021-07-01 00:00:00+00:00,88.12,24.8,,,1896.84,2671.2200000000003,1861.02,2790.77,166.25,23.75,50.9,203.3,23.75,0.0,1106.16,816.2,23.75,101.14,76.88,0.0,388.36,,81.96000000000001,48.75,2108.52,,12.25,58.75,18.75,23.75,233.08,234.74000000000004,23.75,7.35,83.75,0.0,47.5,47.5,118.75,71.25,58.02,23.75,0.0,19.6,47.5,65.0,0.0,2701.653,444.9,297.20000000000005,1044.4,1032.33,27.6,204.66000000000005,0.0,0.0,15.0,0.0,0.0,0.0,0.0,9.8,10.0,1237.1,202.86,1375.3999999999994,0.0,0.0,,24.5,25.0,345.74,1334.6799999999998,,0.0,0.0,23.75,1187.54,83.88,,299.2,22.5,0.0,0.0,0.0,89.96,5.0,0.0,139.38,,87.08000000000001,55.44,0.0,,24.94,25.46,16.92,0.0,,,7.35,,,24.5,3.675,20.0,,377.2800000000001,25.08,0.0,147.86,23.275,23.75,,498.75,130.27,1613.4399999999998,0.0,0.0,35.525,10.0,12.5,297.085,0.0,0.0,118.75,72.0,0.0,44.0,226.42,123.84,0.0,24.98,,,,26.24,23.275,46.75,23.75,9.8,12.5,24.5,132.0,22.0,25.35,44.55,,75.0,22.0,0.0,45.0,624.16,5169.740000000002,22.0,769.2399999999999,233.95,22.0,,132.0,76.26,88.0,0.0,,0.0,23.75,0.0,22.5,0.0,,23.75,24.5,0.0,247.5,39.86,0.0,69.0,1438.0,,22.5,44.0,134.9,0.0,0.0,0.0,86.78,0.0,22.5,0.0,937.09,0.0,,66.0,1126.25,338.8500000000001,374.0,250.1,44.0,629.5200000000001,596.6800000000001,310.39,837.0599999999998,134.97,66.0,28.5,0.0,,0.0,46.0,16.8,28.0,28.5,85.5,,0.0,0.0,0.0,56.0,0.0,0.0,49.120000000000005,0.0,0.0,,1373.2199999999998,0.0,0.0,2047.1200000000003,1325.13,962.18,373.14,,,0.0,28.0,,0.0,711.2599999999999,22.5,,,,1605.9000000000003,0.0,24.84,121.28,,429.9200000000001,81.88,1519.9,2182.85,0.0,216.55,0.0,980.46,2428.96,247.78,393.22,64.03,186.05,1863.205,0.0,520.595,0.0,52.5,,54.0,28.5,0.0,189.98,,0.0,11.0,61.46,30.14,,24.0,1268.22,,57.0,62.1,,,0.0,2275.179,309.78,24.0,,1389.7599999999998,24.0,19.86,588.8,24.0,89.66,,336.08,0.0,321.28,516.4399999999999,22.0,799.0000000000001,0.0,0.0,0.0,446.94,24.0,,24.0,0.0,36.75,35.0,,36.25,23.75,23.75,23.75,90.0,45.0,69.82499999999999,768.174,214.0,584.4730000000001,,1117.906,17.15,297.70000000000005,6.25,22.9,,880.0,726.0,447.18,1162.0799999999997,101.2,74.56,0.0,68.86000000000001,,,0.0,24.56,100.96,0.0,0.0,38.4,,0.0,0.0,0.0,93.57999999999998,166.5,18.98,,296.96,1043.84,4.0,0.0,0.0,84.46000000000001,30.18,0.0,0.0,144.06,233.54,0.0,0.0,24.0,,,,2148.28,259.08000000000004,24.22,153.66,50.0,883.2199999999999,813.3800000000001,0.0,0.0,0.0,91.0,353.86,1844.68,0.0,69.98,0.0,22.5,,48.32,97.34,5130.077,3882.82,,,23.275,23.75,,,0.0,0.0,0.0,50.16,,,47.5,19.6,16.25,0.0,4.9,18.75,0.0,0.0,23.75,1404.76,,3885.78,0.0,38.48,48.4,96.0,772.173,994.1200000000002,57.6,315.52,144.0,144.0,1016.548,2303.4500000000003,23.75,23.75,,23.75,47.5,39.66,25.14,0.0,0.0,23.94,96.0,73.08,364.26,0.0,58.28,0.0,122.96,96.0,0.0,210.36,71.04,0.0,75.06,,99.74,72.41999999999999,,412.0200000000001,48.28,0.0,17.96,0.0,0.0,0.0,1179.8000000000002,810.7600000000001,23.75,,23.75,25.02,,0.0,23.75,737.8000000000001,668.78,0.0,8932.46,54.0,43.25,413.62,23.75,413.36,123.6,0.0,161.62,0.0,23.75,0.0,24.5,0.0,48.0,36.0,,569.5,,0.0,24.5,0.0,0.0,267.78000000000003,6268.339999999999,22.05
2021-08-01 00:00:00+00:00,107.68,0.0,,,1696.88,2015.32,1961.48,3487.4500000000003,47.5,0.0,51.64,200.9,,25.54,1107.7599999999998,920.9599999999998,0.0,101.46,55.52,,334.5,,109.6,23.75,2544.9200000000005,24.5,23.275,0.0,47.5,23.75,329.06000000000006,349.31999999999994,,0.0,0.0,0.0,23.75,0.0,71.25,47.5,201.08,23.75,15.0,7.35,0.0,0.0,20.0,2646.181,387.74,231.1,1104.88,1055.112,0.0,641.86,0.0,0.0,12.5,24.5,0.0,0.0,0.0,0.0,0.0,2078.9,534.14,1516.0000000000002,25.0,0.0,147.56,,0.0,258.44,1932.9,,0.0,0.0,12.5,2529.54,58.02,,1699.2000000000005,,8.75,0.0,0.0,29.28,0.0,2.5,915.22,25.0,144.21999999999997,626.64,0.0,,45.36,75.96000000000001,11.1,8.0,,,7.35,,0.0,,,,,324.90000000000003,24.82,25.12,294.26,46.55,23.75,,498.75,78.2,1634.2199999999996,12.25,22.0,0.0,0.0,0.0,212.71,0.0,6.125,65.0,95.0,21.7,44.0,327.4,123.96,44.0,23.18,25.4,23.75,,0.0,0.0,0.0,23.75,0.0,0.0,0.0,66.0,22.0,48.5,0.0,0.0,25.0,,11.25,45.0,313.37,4406.91,22.0,754.5799999999998,208.68,44.0,,110.0,102.24,44.0,24.4,22.5,22.5,23.75,0.0,0.0,,,0.0,0.0,0.0,180.0,20.94,23.275,69.0,1007.0,0.0,22.5,22.0,81.05,10.0,0.0,0.0,107.78,23.275,0.0,0.0,988.5,24.0,,66.0,1105.0,314.83000000000004,176.0,150.14999999999998,44.0,529.0,276.54,264.4,643.5100000000001,105.85,66.0,28.5,0.0,,,72.0,,0.0,28.5,0.0,,,25.5,,0.0,,29.6,63.96,,,,919.71,,0.0,2113.5799999999995,1411.7200000000005,808.84,324.45,,,,,,,717.4200000000001,0.0,,,,1419.34,,0.0,31.18,0.0,336.08,82.11999999999999,1558.7,2158.053,0.0,154.61,22.0,339.92,1936.0,258.12,317.69,24.88,119.19,1960.568,,538.826,0.0,28.0,,57.0,,24.66,180.1,,,0.0,176.43,0.0,6.0,42.0,1336.58,,0.0,59.82,,28.5,0.0,2208.1,350.72,24.0,0.0,1307.08,23.0,,282.41,0.0,177.86,,407.52,0.0,318.56,548.0400000000001,48.0,272.88,24.5,25.0,95.0,642.9599999999999,23.0,0.0,0.0,,44.1,37.0,,35.0,0.0,,0.0,45.0,0.0,46.55,488.643,309.0,568.201,24.0,1132.353,0.0,270.32,0.0,22.14,,902.0,726.0,618.6999999999999,1128.32,76.03999999999999,148.38,46.0,160.96,0.0,,0.0,24.74,75.74,0.0,22.5,0.0,21.25,36.0,49.08,0.0,87.08,111.5,18.94,24.5,295.28000000000003,1073.38,4.0,0.0,0.0,83.78,149.12,10.0,47.0,94.82,231.82,50.74,10.0,31.0,,,,2279.5599999999995,510.22,75.64,50.81999999999999,0.0,1207.4599999999998,885.8600000000001,79.46000000000001,20.04,0.0,71.0,385.18,1502.51,24.0,87.62,0.0,22.5,,169.22,193.84,6927.09,3411.9800000000005,0.0,,0.0,23.75,23.75,40.0,100.0,12.25,11.25,74.86,23.75,2.45,18.75,0.0,18.75,0.0,0.0,0.0,0.0,0.0,23.75,790.6200000000002,,4183.179999999999,23.75,19.94,24.96,96.0,708.186,972.46,76.8,414.08,96.0,144.0,1206.132,1066.45,23.75,22.5,,47.5,0.0,40.2,26.6,0.0,24.78,48.88,48.0,97.94,204.36,23.75,72.06,34.3,173.26000000000002,24.0,0.0,233.78,71.25999999999999,23.75,47.84,,145.12,113.1,,502.3600000000002,47.02,25.26,0.0,0.0,,0.0,1301.36,839.3000000000001,17.5,6.0,0.0,0.0,0.0,0.0,47.5,397.68,710.88,23.75,8988.449999999999,36.0,0.0,354.38,0.0,361.58,123.04,0.0,135.22,0.0,23.75,24.5,0.0,,48.0,36.0,,498.64,,0.0,24.5,0.0,222.2,97.64,5991.339999999997,
2021-09-01 00:00:00+00:00,87.97999999999999,24.96,,,1531.0199999999995,2543.29,1844.4999999999995,2773.3,166.25,23.75,101.24,528.16,0.0,25.36,1098.3,869.14,0.0,74.62,54.48,,257.8,0.0,81.69999999999999,47.5,2280.46,,44.1,27.5,47.5,0.0,273.52,174.38,,0.0,23.75,0.0,18.75,5.0,142.5,47.5,232.38,23.75,5.0,0.0,15.0,0.0,0.0,2525.248,389.68,311.94,910.5,982.272,114.6,901.64,0.0,3.675,0.0,0.0,0.0,0.0,0.0,0.0,0.0,1654.7,415.08,1483.7000000000005,0.0,2948.98,171.16,0.0,0.0,563.1200000000001,1577.88,,0.0,0.0,0.0,3140.9400000000005,141.54000000000002,,1336.5,,11.25,0.0,12.5,117.32,18.75,12.5,371.869,,195.48,714.22,0.0,,14.96,25.5,26.98,8.0,24.98,,7.35,,,23.275,0.0,0.0,,327.3,24.86,24.48,411.94,0.0,23.75,,593.75,103.7,1482.3799999999997,0.0,0.0,15.925,8.0,12.5,248.33,0.0,6.125,112.5,215.0,0.0,44.0,328.04,175.4,0.0,50.32,,,,26.82,23.275,23.75,0.0,9.8,12.5,49.0,66.0,0.0,24.48,,,100.1,22.0,0.0,88.2,414.41,5078.28,22.0,944.74,338.1,44.0,,88.0,76.24,66.0,48.66,0.0,,0.0,0.0,45.0,0.0,,,23.275,0.0,112.5,74.62,23.275,69.0,1080.0,22.0,45.0,22.0,134.36,15.0,0.0,0.0,87.82,0.0,0.0,,990.0,0.0,,66.0,1105.0,292.15,176.0,275.15,22.0,471.02,172.26,238.34,752.88,135.05,110.0,0.0,0.0,,28.5,72.0,23.8,0.0,23.75,52.25,29.94,0.0,0.0,27.0,51.275,,30.71,53.89999999999999,0.0,0.0,,1285.66,,31.71,2157.86,1417.4899999999998,1358.3200000000004,273.21,,0.0,0.0,,28.5,0.0,639.8900000000001,0.0,,437.32,,1280.86,27.0,0.0,121.24,,275.48,83.08,1561.3,1910.723,0.0,250.47,24.0,637.2899999999998,3395.44,207.93,124.0,61.620000000000005,156.91,1838.704,12.0,501.81,0.0,28.0,,28.5,23.75,49.24,61.78,,,0.0,91.13,56.78,0.0,48.0,1393.1799999999998,,52.25,62.010000000000005,,23.75,0.0,2189.176,213.92,0.0,,1333.4,0.0,14.86,337.61,23.0,369.0,31.28,255.14,25.0,348.25999999999993,567.7800000000001,47.0,400.06,0.0,25.0,191.0,583.08,0.0,24.5,48.0,,0.0,24.0,,23.75,0.0,,47.5,112.5,67.5,46.55,1120.09,242.0,561.707,0.0,1057.775,0.0,255.36,0.0,,,792.0,902.0,577.6999999999999,1121.54,125.66,98.34,115.0,68.54,23.94,,18.75,49.66,124.82,9.8,30.0,0.0,0.0,24.0,51.74,24.56,85.88,158.26,18.96,,314.72,1299.9800000000002,4.0,0.0,24.6,83.82,115.3,0.0,0.0,72.16,252.32,22.6,0.0,24.0,,,,2454.16,170.0,0.0,76.36,25.0,1553.38,924.58,51.06,20.1,0.0,94.0,279.46000000000004,1937.7,24.0,36.1,0.0,22.5,0.0,193.84,377.72,6877.842,3980.14,,,23.275,23.75,,40.0,,14.7,8.75,50.58,23.75,,0.0,0.0,0.0,0.0,0.0,0.0,8.575,10.0,,2407.7200000000003,,4170.52,0.0,19.52,0.0,96.0,1011.036,1011.2,76.0,375.66,120.0,119.0,1674.52,2749.94,23.75,23.75,0.0,0.0,12.5,39.88,27.0,24.56,0.0,23.54,94.0,99.72,338.96,,112.86,0.0,174.16000000000005,95.0,0.0,123.82,25.1,23.75,49.040000000000006,,24.56,92.26,,293.02,44.88,50.04,17.94,,,42.0,1202.4,612.7399999999999,,,20.0,23.22,24.0,,23.75,521.32,768.6800000000001,23.75,6056.25,72.0,,297.86,,464.0399999999999,98.26,,46.6,10.0,23.75,,0.0,0.0,120.0,36.0,12.5,506.66,,0.0,24.5,7.5,89.5,258.84,6289.26,
2021-10-01 00:00:00+00:00,128.44,0.0,7.5,,1427.3600000000004,3123.45,1796.3000000000002,3008.4600000000005,95.0,0.0,25.64,428.38000000000005,,25.52,951.52,711.36,23.75,76.18,77.94,0.0,282.64,,81.78,47.5,1907.28,0.0,0.0,47.5,20.0,23.75,274.04,232.84,0.0,12.25,47.5,11.25,27.5,20.0,118.75,0.0,262.88000000000005,23.75,0.0,24.5,0.0,0.0,0.0,0.0,445.5,307.62,1029.44,1025.142,87.84,1806.1400000000003,22.5,0.0,12.5,0.0,0.0,0.0,0.0,0.0,0.0,1725.2,835.16,1230.7799999999995,0.0,895.3999999999999,207.6,24.5,25.0,432.74,1671.3000000000002,,0.0,0.0,0.0,3275.46,87.66,40.0,1677.7,,16.25,0.0,0.0,87.92,0.0,0.0,885.74,,114.44,478.72,0.0,,51.34,49.72,16.8,0.0,,100.24,7.35,22.5,0.0,24.5,9.8,31.25,,200.74,24.68,24.62,419.06,46.55,47.5,,498.75,78.15,1428.1799999999998,7.35,25.0,18.375,0.0,5.0,258.8,0.0,0.0,0.0,168.0,21.7,44.0,152.34,149.18,0.0,25.2,0.0,,,24.29,23.275,0.0,22.5,9.8,35.0,49.0,0.0,22.0,23.62,22.5,0.0,75.1,,22.5,90.0,492.85,4717.540000000001,0.0,879.92,338.97,0.0,,176.0,103.84,44.0,24.3,,22.5,0.0,40.0,22.5,22.5,,0.0,24.5,24.0,180.0,59.74,,46.0,1102.0,0.0,22.5,0.0,54.150000000000006,0.0,0.0,0.0,86.84,0.0,0.0,,1144.89,0.0,,66.0,913.75,343.55000000000007,330.0,174.95,66.0,836.6199999999999,296.98,251.04,774.25,134.9,0.0,28.5,14.88,,57.0,72.0,0.0,0.0,28.5,85.5,,,28.5,0.0,56.0,27.0,30.16,52.56,27.0,28.5,,1214.81,0.0,0.0,2492.36,1554.4100000000003,1924.0,279.38,,28.5,0.0,28.0,28.5,,737.4200000000001,13.5,0.0,,30.12,1634.8799999999997,27.0,0.0,86.25999999999999,,266.93999999999994,40.56,1721.3000000000002,1984.403,31.33,124.39,0.0,921.18,3340.9200000000005,341.82,185.12,31.48,92.91,1959.145,0.0,529.518,0.0,42.0,10.0,106.5,,24.56,188.08,,0.0,11.0,279.37,29.9,12.0,24.0,1245.38,,85.5,156.07999999999998,,28.5,0.0,2281.8160000000003,246.38,20.0,,1351.2900000000002,24.0,25.06,680.0,0.0,398.98,,191.26,25.0,493.7600000000001,499.2600000000001,24.0,320.8,24.5,25.0,71.0,407.2800000000001,24.0,0.0,24.0,,33.075,38.0,,33.75,0.0,,47.5,112.5,67.5,46.55,907.54,239.0,548.877,0.0,1395.233,14.7,319.06,8.75,48.98,,836.0,616.0,644.1400000000001,1047.82,98.28,99.06,69.0,115.20000000000002,,,,99.24,126.92,0.0,7.5,38.4,,36.0,25.74,24.38,96.06,145.12,18.92,24.5,271.90000000000003,1024.9999999999998,12.0,0.0,24.2,111.72,119.08,0.0,23.0,72.64,141.88,0.0,10.0,7.0,,,,1756.7199999999996,719.62,25.36,52.2,50.0,1127.6200000000003,,104.62,0.0,0.0,96.0,255.84000000000003,1475.12,,75.98,0.0,0.0,,173.58000000000004,239.56000000000003,5602.771,3248.1399999999994,,,23.275,0.0,,,,3.675,20.0,75.69999999999999,23.75,,23.75,0.0,23.75,0.0,4.9,17.5,0.0,0.0,,2553.7000000000003,,4373.9800000000005,0.0,20.34,24.82,67.2,1020.593,980.2,57.6,438.96,96.0,96.0,1291.939,1313.4,23.75,0.0,,23.75,0.0,39.92,24.72,0.0,0.0,23.1,71.0,99.08,312.96000000000004,,266.26,23.275,151.8,119.0,0.0,266.42,48.84,23.75,74.5,,10.04,96.06,361.22,383.5400000000001,48.06,75.1,41.44,,,24.0,1038.82,394.74,23.75,,0.0,24.5,,22.88,0.0,666.5600000000001,741.4200000000001,23.75,7982.49,18.0,45.35,433.3,,244.68,49.9,20.0,0.0,0.0,25.0,,23.275,,24.0,36.0,0.0,495.1,,47.5,23.275,0.0,156.67999999999998,193.00000000000003,6258.64,
2021-11-01 00:00:00+00:00,101.62,24.82,,25.14,685.1400000000001,3054.22,1785.1800000000003,3358.2000000000003,142.5,0.0,25.34,375.69999999999993,,50.62,724.1000000000001,921.12,0.0,100.7,79.25999999999999,23.75,257.5,0.0,109.1,47.5,1410.82,24.5,29.4,17.5,47.5,23.75,542.54,288.36,,0.0,71.25,0.0,51.25,20.0,142.5,47.5,261.34,47.5,0.0,,,23.75,0.0,2413.2470000000003,387.72,230.22,895.8800000000001,1258.605,29.36,1492.64,0.0,0.0,0.0,0.0,0.0,0.0,0.0,0.0,0.0,1018.0,297.67999999999995,1523.6799999999998,25.0,1121.0399999999995,176.89999999999998,24.5,0.0,166.88,778.46,,0.0,0.0,0.0,2929.640000000001,58.22,37.26,942.7,0.0,0.0,9.8,5.0,58.34,0.0,0.0,625.26,,114.6,422.18,0.0,,119.86,98.5,10.84,8.0,48.38,125.51999999999998,0.0,0.0,0.0,,9.8,13.75,,244.62,24.54,24.34,418.9,23.275,23.75,,522.5,0.0,1430.6,6.125,17.0,26.95,8.0,0.0,252.04,0.0,0.0,,192.0,21.7,0.0,280.44,193.46,0.0,25.5,24.88,0.0,,24.82,0.0,23.0,0.0,0.0,0.0,24.5,66.0,22.0,23.94,0.0,,74.8,22.0,0.0,110.7,390.66,4344.7,66.0,762.2000000000002,260.1,44.0,,132.0,124.52,66.0,24.04,22.5,,23.75,40.0,22.5,,,0.0,0.0,0.0,112.5,59.6,23.275,23.0,768.0,22.0,0.0,22.0,81.1,0.0,0.0,0.0,108.7,0.0,23.75,,1145.34,24.0,,88.0,1235.0,292.54999999999995,286.0,175.2,44.0,577.24,373.42,385.97,697.15,108.2,,28.5,0.0,,0.0,72.0,25.2,,,,0.0,28.5,28.5,0.0,56.0,27.0,59.97,64.14,0.0,0.0,27.0,1183.5500000000002,,0.0,2217.26,1768.61,1003.4400000000002,451.0100000000001,,,0.0,28.0,28.5,0.0,915.72,0.0,,,,1529.34,0.0,0.0,153.22,22.0,182.02,41.94,1607.8,1969.371,0.0,306.57,22.0,905.46,2451.6800000000003,308.28,244.12,62.73,521.81,1871.48,,533.925,0.0,56.0,,78.0,28.5,22.96,124.44,,,0.0,242.02,30.0,0.0,0.0,1393.72,,28.5,29.84,57.0,,0.0,2077.156,248.32,0.0,0.0,1158.14,24.0,27.94,604.5,24.0,327.94000000000005,31.88,329.54,0.0,174.61999999999998,401.72,48.0,272.20000000000005,0.0,0.0,96.0,646.1400000000001,0.0,24.5,0.0,27.0,24.5,41.0,,37.5,0.0,23.75,32.5,22.5,67.5,69.82499999999999,1005.017,209.0,558.138,24.0,1487.673,0.0,347.96000000000004,0.0,21.44,,902.0,792.0,514.2399999999999,724.3799999999999,98.56,0.0,0.0,47.0,,,,24.38,125.36,0.0,8.75,19.2,,48.0,49.4,0.0,85.46000000000001,141.92,18.92,,297.56,1130.6799999999998,0.0,4.0,25.36,113.14,60.32,10.0,0.0,72.24000000000001,204.48,25.12,0.0,24.0,,,,2160.48,781.22,100.54,0.0,0.0,1187.9,,77.24000000000001,20.38,0.0,24.0,282.88,1974.76,0.0,65.08,0.0,22.5,0.0,152.42000000000002,261.54,6953.435,3751.42,0.0,,23.275,47.5,,,20.0,23.275,0.0,50.8,23.75,0.0,21.25,,23.75,,,,,,23.75,2521.4200000000005,,3917.640000000001,23.75,40.040000000000006,0.0,134.4,774.2389999999999,1085.4,57.6,404.74000000000007,72.0,120.0,1058.32,1962.95,23.75,23.75,,47.5,23.75,60.0,26.02,0.0,0.0,24.16,48.0,123.42,287.84000000000003,,209.86,9.8,146.54,95.0,0.0,241.94,107.74,23.75,44.22,,146.52,70.0,64.04,93.66,46.14,24.26,18.38,,,24.0,1367.8000000000004,477.1,,,0.0,24.44,,22.88,0.0,,562.5,0.0,7838.849999999999,54.0,,487.18000000000006,23.75,130.06,73.92,23.75,53.18,0.0,0.0,24.5,0.0,0.0,,36.0,,437.36,,,24.5,0.0,19.9,172.01999999999998,6269.559999999998,
2021-12-01 00:00:00+00:00,148.73999999999998,25.78,23.75,,1756.72,3138.2000000000007,1785.7,2769.75,118.75,0.0,51.78,150.56,23.75,25.2,673.6599999999999,1083.1,23.75,50.8,26.28,,186.48,,107.7,47.5,1101.28,,14.7,12.5,43.75,,476.39,262.16,,0.0,60.0,11.25,61.25,10.0,95.0,23.75,252.36,47.5,0.0,0.0,23.0,84.25,15.0,2500.1910000000003,481.46,254.12,892.5800000000002,1555.1640000000002,59.3,2964.88,0.0,0.0,0.0,0.0,0.0,0.0,0.0,0.0,0.0,1835.4,525.72,1249.7000000000005,0.0,890.5599999999998,87.82000000000001,,0.0,355.04,1501.6600000000003,,0.0,0.0,22.5,3900.48,234.9,38.04,1076.3,0.0,0.0,0.0,0.0,29.42,0.0,0.0,897.183,25.0,168.42000000000002,927.02,0.0,,104.62,98.54,13.98,5.0,24.66,177.36,7.35,,0.0,,,0.0,0.0,224.86,24.71,24.92,441.44,23.275,47.5,,356.25,0.0,1404.0299999999995,6.125,5.0,18.375,11.0,32.5,250.86,22.5,0.0,,144.0,21.7,44.0,0.0,98.66,20.0,25.78,,0.0,,24.84,23.275,0.0,47.5,0.0,0.0,0.0,66.0,22.0,25.04,44.55,22.0,50.1,22.0,22.5,45.0,416.59,4293.719999999999,66.0,819.9800000000002,313.39,22.0,48.28,286.0,99.53,44.0,24.76,22.5,45.0,0.0,40.0,67.5,,0.0,23.75,0.0,0.0,0.0,39.760000000000005,23.275,69.0,936.0,,46.25,44.0,54.05,0.0,8.75,0.0,105.94,0.0,0.0,,1197.3199999999997,0.0,,88.0,495.0,242.4,242.0,175.2,66.0,1124.1999999999998,425.8,479.6599999999999,811.6,134.70000000000002,,,15.04,,0.0,72.0,,,,,,,,,56.0,0.0,30.31,51.46,,,,1265.84,,0.0,2311.82,1616.5900000000004,1189.14,451.28,,,0.0,,,6.0,997.11,,,0.0,,2279.1000000000004,27.0,24.86,91.22,,362.04,61.78,1694.2,1923.122,0.0,248.29,44.0,1060.44,3745.8,301.41,392.1000000000001,94.03,186.44,2022.86,,540.467,0.0,56.0,,57.0,,48.16,183.33,,,11.0,215.8,31.0,,24.0,1410.9800000000002,,57.0,31.58,,,0.0,2103.903,310.32,,,1368.7000000000005,24.0,53.44,671.38,0.0,336.81999999999994,,378.12000000000006,25.0,563.5,385.06,48.0,123.02,0.0,25.0,94.0,400.42,24.0,0.0,24.0,,25.725,23.0,,7.5,47.5,0.0,32.5,67.5,45.0,23.275,1076.569,143.0,464.644,0.0,1232.755,12.25,324.19,11.25,45.22,22.64,418.0,308.0,443.58,860.4599999999999,75.10000000000001,117.1,0.0,69.53999999999999,,,,73.34,103.0,11.025,10.0,76.8,23.0,36.0,55.9,0.0,51.3,92.54,19.06,,273.0,1066.84,4.0,0.0,0.0,54.04,90.28,0.0,23.0,47.88,185.16,25.04,0.0,12.0,,157.8,,2703.4600000000005,26.88,104.1,50.7,50.0,1078.9599999999996,,84.82,20.1,0.0,119.0,151.62,1957.92,,107.88,0.0,23.75,0.0,120.9,259.96,7278.665,3147.76,,,23.275,0.0,,,0.0,23.275,,121.12,23.75,0.0,0.0,13.475,23.75,0.0,0.0,0.0,0.0,23.75,0.0,2624.82,,4227.85,0.0,20.1,24.66,96.0,826.2280000000001,1065.88,76.8,537.0,72.0,72.0,1339.17,2320.85,23.75,23.75,,23.75,0.0,40.22,25.92,0.0,0.0,24.24,144.0,147.82,281.52,23.75,272.1,6.125,146.56,72.0,24.0,181.1,48.040000000000006,0.0,73.75999999999999,0.0,169.4,95.22,,67.98,45.86,67.42,0.0,,,24.0,1256.1,782.4,47.5,,0.0,0.0,0.0,,0.0,,843.0,23.75,6656.750000000001,0.0,,542.2800000000001,23.75,332.3,99.08,0.0,27.9,0.0,23.75,,24.5,,,,0.0,382.42,106.5,23.75,17.15,7.5,71.78,243.74,7063.829999999996,23.275
2022-01-01 00:00:00+00:00,90.24,0.0,,,1651.42,3002.1600000000003,1925.64,3731.390000000001,142.5,23.75,25.24,326.64000000000004,0.0,50.92,253.88,855.42,,100.28,154.72,0.0,234.04,0.0,82.02,71.25,1474.5000000000002,,22.05,25.0,41.25,23.75,301.40000000000003,205.06,23.75,,95.0,23.75,36.25,11.25,95.0,71.25,250.64,23.75,7.0,0.0,22.0,0.0,0.0,2394.515,475.0400000000001,355.36,887.12,1289.232,59.06,568.08,0.0,0.0,0.0,24.5,0.0,0.0,0.0,11.025,10.0,1538.8,552.7800000000001,1112.5,23.0,694.7000000000002,236.08,24.5,0.0,288.38,1901.3,0.0,0.0,0.0,0.0,3225.7600000000007,29.04,20.62,1524.42,0.0,11.25,0.0,0.0,59.14,0.0,0.0,1063.493,0.0,132.57999999999998,863.1599999999999,10.0,,102.98,97.22,25.42,12.0,,277.22,7.35,,24.5,,,,,273.16,23.92,24.4,345.11999999999995,0.0,47.5,,427.5,0.0,1352.12,0.0,0.0,9.8,10.0,12.5,207.93,0.0,0.0,71.25,48.0,,44.0,207.36,123.51999999999998,0.0,49.9,24.68,,76.50999999999999,0.0,0.0,46.75,0.0,0.0,0.0,0.0,0.0,22.0,25.24,,0.0,,0.0,,22.5,856.0899999999999,3759.05,198.0,623.7800000000002,286.35,0.0,134.12,44.0,99.96,44.0,24.24,0.0,22.5,23.75,,0.0,,,,0.0,0.0,135.0,64.25999999999999,0.0,46.0,888.0,22.0,0.0,,52.05,11.0,5.0,12.0,153.45999999999998,0.0,23.75,,1067.15,0.0,135.0,44.0,765.0,376.95,286.0,225.25,88.0,356.78,249.44,274.27000000000004,332.3500000000001,108.2,0.0,28.5,0.0,,15.0,72.0,0.0,0.0,28.5,28.5,,,0.0,23.0,0.0,27.0,29.83,56.64,27.0,57.0,0.0,814.9499999999999,0.0,0.0,2732.0399999999995,1534.3300000000002,1356.26,308.96000000000004,0.0,28.5,0.0,11.2,16.5,,896.2799999999999,40.5,3.0,796.573,31.63,1638.3699999999997,27.0,0.0,91.7,0.0,272.8,20.68,1644.0,1984.666,0.0,276.74,0.0,856.76,3547.08,341.33,182.58,62.7,280.22,1902.056,0.0,548.4169999999999,0.0,0.0,8.0,45.0,0.0,24.58,124.26,309.08,0.0,0.0,155.53,0.0,7.5,19.0,1350.0999999999997,0.0,57.0,123.51,28.5,28.5,12.0,2077.253,314.62000000000006,0.0,0.0,1207.6600000000003,0.0,26.98,584.2100000000002,24.0,229.40000000000003,31.82,456.14,0.0,515.4200000000001,382.2600000000001,23.0,261.16,24.5,24.0,191.0,669.0000000000001,0.0,24.5,0.0,0.0,24.5,48.0,,7.5,23.75,,16.25,67.5,22.5,23.275,898.2260000000001,281.0,523.775,0.0,1511.284,0.0,293.34,0.0,47.58,20.4,814.0,726.0,472.1,973.6799999999998,125.20000000000002,92.16,187.0,68.6,23.54,,0.0,48.88,51.28,0.0,23.75,57.6,0.0,48.0,51.3,0.0,96.04,93.16,19.06,24.5,296.64,1016.7,4.0,0.0,0.0,117.06,60.0,10.0,24.0,47.86,141.23999999999998,25.16,10.0,19.0,0.0,303.14000000000004,,2427.7200000000003,0.0,50.32,50.02,25.0,1627.1999999999998,862.3199999999999,0.0,0.0,24.06,72.0,254.38,1613.1999999999998,0.0,47.92,0.0,47.5,0.0,217.02,334.98,5610.965,2997.96,0.0,0.0,23.275,47.5,23.75,20.0,20.0,0.0,0.0,146.54,23.75,,21.25,0.0,0.0,0.0,0.0,0.0,,25.0,,2485.82,0.0,4273.62,0.0,59.84,23.76,96.0,838.828,1000.4599999999998,38.4,417.56000000000006,143.0,120.0,1405.891,2129.15,47.5,23.75,0.0,47.5,,19.98,26.32,23.9,24.4,24.24,72.0,120.1,327.34,47.5,323.36,29.4,149.08,70.0,0.0,214.56000000000003,72.48,23.75,73.72,24.0,43.88,93.98,119.26,70.16,48.16,66.82,54.64,0.0,0.0,48.0,1046.84,814.2599999999999,16.25,7.0,23.75,25.18,0.0,,47.5,426.5,839.12,23.75,7387.3,36.0,50.1,433.38000000000005,47.5,330.98,98.24,0.0,55.38,0.0,0.0,0.0,23.275,0.0,,0.0,0.0,450.3200000000001,,0.0,47.775,0.0,49.62,122.42,5944.620000000001,0.0
2022-02-01 00:00:00+00:00,142.23999999999998,25.54,8.75,24.82,1363.24,3002.8500000000004,1520.1999999999998,2744.15,95.0,0.0,0.0,151.86,0.0,50.08,650.7600000000001,938.6799999999998,0.0,75.18,54.52,23.75,207.98,0.0,54.64,47.5,2335.34,0.0,23.275,23.75,0.0,23.75,352.36,231.6,,7.35,83.75,0.0,30.0,17.5,118.75,47.5,225.78,23.75,16.25,17.15,7.5,47.5,22.5,2244.019,299.25999999999993,344.64,689.02,1374.4920000000002,58.52,797.56,0.0,0.0,0.0,0.0,0.0,0.0,0.0,0.0,0.0,1424.7,751.4599999999999,1160.06,25.0,2329.16,176.96,0.0,0.0,658.7199999999999,1415.2399999999998,0.0,0.0,0.0,0.0,3102.9,117.72,40.52,1198.6,0.0,0.0,6.125,0.0,0.0,0.0,5.0,1063.2949999999998,0.0,124.76,388.5,8.75,,98.96,94.92000000000002,17.18,0.0,48.4,327.9199999999999,7.35,,0.0,23.275,0.0,,,300.16,49.04,24.78,271.14,0.0,,47.0,451.25,52.0,1321.86,12.25,20.0,28.175,13.0,15.0,229.41,0.0,0.0,118.75,192.0,0.0,44.0,229.28,148.66,0.0,50.06,,,200.3,25.49,23.275,0.0,23.75,22.05,45.0,49.0,66.0,0.0,25.54,0.0,22.0,,,,66.6,802.54,4285.719999999999,22.0,857.38,337.99,22.0,113.82,66.0,100.11,0.0,48.72,0.0,,0.0,,0.0,0.0,0.0,0.0,0.0,45.0,68.75,84.46000000000001,23.275,46.0,959.0,0.0,22.5,,52.0,0.0,0.0,0.0,86.98,0.0,0.0,22.5,1275.07,0.0,180.0,88.0,1226.25,337.00000000000006,374.0,150.1,22.0,496.14,297.54,353.90000000000003,470.0,105.95,44.0,28.5,0.0,,28.5,96.0,28.0,0.0,57.0,28.5,,27.0,25.5,14.0,56.0,0.0,59.620000000000005,35.379999999999995,27.0,0.0,0.0,858.7600000000002,,0.0,2089.86,1473.5899999999997,1446.2199999999998,295.78,0.0,,0.0,28.0,28.5,,750.79,0.0,,673.507,,1750.67,0.0,,122.78,0.0,245.92,41.2,1509.0,1699.444,0.0,90.99,0.0,1311.63,3258.86,186.44000000000003,187.64,0.0,310.11999999999995,1680.317,,484.556,28.0,28.0,,78.0,,22.58,159.1,399.9899999999999,0.0,0.0,156.72,0.0,7.5,18.0,1138.42,,57.0,92.9,,28.5,0.0,1957.692,188.66,24.0,,1109.1,24.0,24.64,523.97,24.0,219.5,,338.44,0.0,369.62,461.74,24.0,151.54,0.0,0.0,94.0,350.74,71.0,0.0,48.0,0.0,24.5,48.0,,30.0,23.75,,0.0,45.0,22.5,46.55,793.91,214.0,591.215,24.0,1245.061,0.0,247.02,,0.0,0.0,710.0,528.0,421.5,931.16,0.0,72.72,22.0,138.26,0.0,,0.0,24.48,50.26,2.45,20.0,96.0,0.0,48.0,74.58,0.0,94.73999999999998,72.16,38.08,23.275,274.18,1163.12,8.0,0.0,0.0,29.32,119.76,0.0,72.0,98.4,190.34000000000003,24.9,12.5,26.0,0.0,225.76000000000005,,2051.0399999999995,,50.1,52.04,50.0,1746.5800000000002,1537.5399999999995,76.58,0.0,,72.0,230.5,1347.8200000000004,24.0,83.74,0.0,0.0,0.0,271.7,382.8399999999999,5790.232,2553.62,0.0,0.0,0.0,23.75,0.0,20.0,0.0,3.675,20.0,125.42,47.5,3.675,20.0,24.5,23.75,0.0,8.575,38.75,0.0,0.0,23.75,2405.9,447.06,3486.26,23.75,40.1,24.8,96.0,777.5369999999999,975.36,57.6,415.3,72.0,144.0,1131.7,2007.16,23.75,47.5,2.0,45.0,36.0,20.1,52.06,0.0,0.0,24.06,72.0,74.32,286.02000000000004,0.0,271.34000000000003,49.0,149.76,72.0,0.0,236.22,46.96,23.75,74.53999999999999,0.0,49.06,71.28,215.04,232.88,24.94,48.14,17.96,0.0,0.0,72.0,1031.3,751.1200000000001,0.0,7.0,,24.92,0.0,24.56,23.75,400.76,736.8,0.0,7339.6,54.0,43.3,407.22,0.0,355.42,124.02,23.75,188.64,10.0,23.75,24.5,0.0,0.0,,,0.0,411.30000000000007,,25.0,17.15,7.5,143.66,172.51999999999998,5870.820000000002,24.5
2022-03-01 00:00:00+00:00,65.68,0.0,,,1645.0600000000004,3385.9200000000005,1835.74,3374.4,47.5,0.0,51.2,125.0,0.0,25.44,533.8199999999999,1044.62,0.0,51.0,50.82,23.75,211.36,0.0,163.5,47.5,2516.54,0.0,47.775,47.5,23.75,23.75,413.22,377.44,,0.0,47.5,23.75,40.0,7.5,47.5,47.5,246.22000000000003,47.5,0.0,12.25,12.5,0.0,0.0,2086.487,476.06,370.88,685.7199999999999,1165.221,58.56,499.7000000000001,0.0,0.0,0.0,0.0,0.0,0.0,0.0,0.0,0.0,1607.6999999999998,773.8600000000001,1424.5000000000002,0.0,1274.56,0.0,24.5,0.0,510.92,2612.38,0.0,0.0,0.0,0.0,3471.2200000000003,116.68,57.53999999999999,1086.2,0.0,25.0,2.45,10.0,59.3,23.75,25.0,1007.729,0.0,148.88,476.52,5.0,147.6,146.94,116.21999999999998,28.52,8.0,48.2,380.68,7.35,23.75,0.0,24.5,14.7,8.75,,373.7600000000001,24.68,50.260000000000005,273.1,23.275,,24.0,451.25,0.0,1612.3599999999994,0.0,6.0,7.35,4.0,2.5,307.37,22.5,0.0,95.0,72.0,43.400000000000006,44.0,203.88,147.36,40.0,50.42,25.04,0.0,225.67,25.53,23.275,23.75,23.75,,,0.0,0.0,,24.32,,22.0,,22.0,22.5,67.5,1194.12,4838.110000000001,44.0,817.1000000000001,390.25000000000006,66.0,147.42000000000002,220.0,127.58,44.0,24.38,22.5,22.5,0.0,,45.0,,,,0.0,0.0,184.0,86.97999999999999,0.0,115.0,1056.0,22.0,22.5,0.0,0.0,0.0,0.0,0.0,107.6,9.8,12.5,,1197.2599999999998,24.0,967.5,88.0,0.0,389.45,352.0,225.2,44.0,545.64,147.66,400.54,692.5100000000001,53.8,110.0,28.5,0.0,0.0,28.5,72.0,28.0,28.0,57.0,55.5,29.94,27.0,0.0,23.0,56.0,25.5,60.86,44.06,,28.5,0.0,999.0999999999998,,25.45,2370.76,1440.4699999999996,1302.62,329.23999999999995,0.0,,0.0,,,5.0,853.6800000000001,21.0,,620.5880000000001,0.0,1722.35,27.0,24.98,149.46,0.0,273.72,20.72,1538.4,1797.75,0.0,249.06,22.0,1108.0600000000002,3160.4,251.1,461.25000000000006,59.38,216.6,1948.6220000000003,,526.235,28.0,56.0,0.0,73.5,28.5,24.86,159.1,554.96,0.0,11.0,153.58,0.0,7.5,19.0,1432.1799999999998,,57.0,153.92000000000002,0.0,57.0,0.0,2072.28,93.84,24.0,,1406.5000000000002,24.0,49.38,682.73,72.0,348.88,,330.5,23.75,195.14,333.64,48.0,276.02,0.0,0.0,48.0,673.72,47.0,24.5,0.0,0.0,9.8,26.0,,0.0,0.0,,35.0,45.0,67.5,69.82499999999999,818.962,215.0,593.0409999999999,24.0,1119.328,8.575,315.1,15.0,48.28,0.0,621.0,638.0,498.12000000000006,1185.7800000000002,97.36,113.26,24.0,115.52,0.0,,18.75,24.36,100.14,11.025,18.75,0.0,23.75,24.0,49.52,24.6,121.38,141.94,19.08,0.0,223.2,941.04,8.0,0.0,24.6,105.64,119.1,10.0,24.0,95.1,159.6,24.84,10.0,31.0,0.0,276.7,,1454.2399999999996,556.96,97.58,0.0,40.0,2003.5999999999997,885.94,75.14,19.4,,96.0,227.4,2188.2000000000003,0.0,79.42,0.0,47.5,0.0,289.94,471.16,6454.65,4565.7,0.0,0.0,23.275,47.5,0.0,0.0,0.0,6.125,17.5,148.92,23.75,0.0,23.75,0.0,0.0,0.0,0.0,0.0,0.0,22.5,0.0,3090.4,923.9199999999998,3743.74,0.0,24.66,24.02,96.0,638.7040000000001,1074.44,76.8,539.78,120.0,144.0,1175.84,1921.15,0.0,23.75,6.0,17.5,23.75,40.260000000000005,24.9,24.54,23.88,45.86,96.0,124.24,338.28,0.0,,23.275,101.02,96.0,0.0,81.92,93.52,23.75,99.72,0.0,74.34,46.86,140.38,112.56,49.06,120.68,17.58,0.0,0.0,0.0,1201.1799999999998,676.34,23.75,0.0,23.75,24.72,24.0,,47.5,422.38,942.24,23.75,9451.900000000003,54.0,0.0,518.06,23.75,360.92,98.72,23.75,111.84,0.0,23.75,0.0,24.5,0.0,,0.0,0.0,261.64,217.18,23.75,0.0,0.0,93.96,319.72,6134.259999999999,23.275
2022-04-01 00:00:00+00:00,115.54,25.4,,49.72,1256.94,3174.8099999999995,1648.36,3156.000000000001,95.0,0.0,24.64,100.58,0.0,50.28,662.32,798.98,0.0,102.24,76.64,23.75,260.42,23.75,82.14,71.25,1662.1,0.0,24.5,0.0,17.5,23.75,238.52,317.43999999999994,,0.0,71.25,23.75,50.0,21.25,141.25,47.5,260.16,47.5,25.0,4.9,18.75,23.75,0.0,1040.652,447.14,201.08,748.14,1372.69,59.18,613.92,0.0,0.0,0.0,24.5,0.0,0.0,0.0,11.025,8.75,1611.6,570.5600000000001,1046.78,25.0,1245.18,59.28,,0.0,417.48,1450.46,0.0,0.0,0.0,21.25,3188.4800000000005,205.26,24.0,1137.0,0.0,0.0,0.0,0.0,88.06,0.0,0.0,1056.979,25.0,124.76,268.32,0.0,,98.86,23.62,22.46,15.0,100.0,176.5,0.0,0.0,,24.5,23.275,0.0,23.75,273.12,24.7,24.96,197.36,46.55,,24.0,546.25,26.0,1638.0599999999995,0.0,0.0,28.175,5.0,5.0,217.31000000000003,22.5,0.0,71.25,120.0,,22.0,301.66,49.68,0.0,25.3,,0.0,,26.48,0.0,23.0,0.0,22.05,45.0,0.0,110.0,0.0,26.58,22.5,0.0,,,22.5,66.6,2148.5199999999995,4228.42,0.0,747.0799999999999,416.51,44.0,99.4,66.0,51.040000000000006,22.0,24.3,,45.0,47.5,,22.5,,,23.75,22.05,0.0,253.0,39.44,23.275,46.0,910.0,0.0,22.5,0.0,0.0,0.0,0.0,0.0,110.0,34.3,12.5,,1248.2099999999998,0.0,1035.0,88.0,0.0,329.17,132.0,150.14999999999998,22.0,491.9,98.8,494.88,697.05,133.10000000000002,66.0,28.5,0.0,,0.0,72.0,0.0,,28.5,57.0,,,21.0,0.0,56.0,0.0,0.0,46.74,27.0,28.5,27.0,1036.4399999999998,,0.0,2173.03,1324.36,958.82,395.1499999999999,0.0,28.5,0.0,7.0,21.0,5.0,607.7100000000002,,,863.415,,1689.5199999999998,0.0,0.0,117.06,2.0,206.12,41.64,1444.079,1704.546,30.09,148.61,0.0,1380.92,2671.0400000000004,273.34,336.62,63.31,29.23,1829.953,,509.828,28.0,44.8,8.0,57.0,,48.88,150.87,878.76,0.0,0.0,125.9,0.0,12.0,36.0,1366.8400000000004,,57.0,216.09,,28.5,0.0,2069.361,127.02,,,1392.6500000000003,0.0,24.86,603.81,72.0,378.94,30.54,429.2,23.75,474.38,147.83999999999995,48.0,178.06,0.0,0.0,119.0,544.36,23.0,,48.0,27.0,36.75,24.0,,52.5,47.5,23.75,0.0,67.5,45.0,23.275,747.3989999999999,168.0,472.709,,1218.023,,176.22,,48.32,24.74,345.0,396.0,352.22,793.9599999999999,98.64,23.4,95.0,138.24,0.0,,0.0,24.96,49.96,0.0,15.0,38.4,0.0,24.0,49.32,0.0,70.88,116.72,19.06,0.0,344.43999999999994,892.94,0.0,0.0,25.18,112.28,119.64,0.0,48.0,72.44,210.84,0.0,0.0,12.0,23.75,275.14,,1821.78,715.76,49.74,0.0,25.0,1682.28,1567.4400000000005,0.0,0.0,,120.0,255.44,2540.82,0.0,101.48,0.0,23.75,0.0,448.08,547.94,5905.186,3989.94,0.0,0.0,23.275,23.75,23.75,20.0,20.0,13.475,10.0,100.66,23.75,1.225,11.25,0.0,23.75,0.0,0.0,0.0,0.0,0.0,0.0,2669.8200000000006,320.76000000000005,2971.2,23.75,0.0,24.98,134.4,633.231,1010.42,57.6,516.1,96.0,142.0,1053.319,1916.45,47.5,0.0,0.0,23.75,23.75,39.94,26.3,49.74,23.86,23.72,93.0,100.02,288.11999999999995,0.0,174.66,0.0,148.9,72.0,24.0,238.78,41.74,0.0,74.92,0.0,73.04,116.96,153.62,94.46,48.94,71.32,18.34,0.0,0.0,48.0,1053.9,471.4000000000001,0.0,0.0,12.5,0.0,0.0,,0.0,437.84,865.3399999999999,23.75,8254.03,36.0,0.0,521.1600000000001,0.0,414.16,73.6,23.75,134.78,0.0,23.75,0.0,0.0,0.0,,36.0,18.75,159.04,214.46,0.0,17.15,7.5,19.74,172.26000000000002,6391.21,24.5
2022-05-01 00:00:00+00:00,107.86,0.0,71.25,0.0,1922.38,2570.9100000000003,1902.12,3460.75,71.25,0.0,50.98,278.2,0.0,50.56,648.5800000000002,908.82,23.75,76.0,51.42,23.75,516.3,23.75,54.32,47.5,1397.9799999999998,24.5,46.55,23.75,88.75,0.0,410.4,293.22,0.0,24.5,93.75,0.0,72.5,22.5,95.0,47.5,231.5,47.5,0.0,12.25,12.5,23.75,17.5,1165.081,448.34,252.78,896.3600000000001,1345.941,58.5,643.1999999999999,0.0,0.0,0.0,0.0,0.0,0.0,0.0,0.0,0.0,1663.2,569.98,1333.7200000000005,0.0,1533.58,676.7600000000001,20.825,0.0,388.52,2171.14,0.0,0.0,0.0,0.0,3405.28,205.16,68.3,1193.16,0.0,11.25,0.0,0.0,29.42,23.75,23.75,846.8399999999998,25.0,172.84,237.32000000000005,0.0,567.4399999999999,0.0,99.0,25.82,10.0,74.03999999999999,328.16,7.35,0.0,,0.0,0.0,0.0,0.0,349.78000000000003,49.44,25.06,197.90000000000003,0.0,0.0,71.0,522.5,52.150000000000006,1456.03,12.25,12.0,26.950000000000003,12.0,17.5,241.35,0.0,0.0,166.25,164.0,21.7,22.0,173.84,148.46,20.0,50.1,0.0,0.0,0.0,0.0,23.275,23.75,0.0,0.0,0.0,24.5,154.0,22.0,0.0,44.55,22.0,,22.0,0.0,66.6,1946.85,4922.389999999999,242.0,721.1999999999999,364.15,0.0,195.14,22.0,76.27000000000001,44.0,24.68,22.5,22.5,0.0,,45.0,0.0,0.0,0.0,0.0,0.0,161.0,64.67999999999999,,,1056.0,22.0,22.5,0.0,107.2,0.0,0.0,0.0,87.26,0.0,0.0,0.0,883.6000000000001,24.0,1282.5,66.0,,175.04999999999998,176.0,224.95,22.0,838.2199999999999,372.8,316.3,445.15,134.4,0.0,28.5,,,28.5,72.0,14.0,0.0,28.5,85.5,,27.0,0.0,46.0,28.0,27.0,30.55,60.64,27.0,28.5,0.0,1229.32,,0.0,2310.2200000000003,1654.32,837.7200000000001,329.54,0.0,28.5,0.0,18.2,9.0,0.0,713.1800000000002,24.0,,540.394,31.93,1481.96,0.0,0.0,152.32,20.0,271.3,21.58,1679.0,1790.0,0.0,233.92,22.0,860.0400000000002,2902.92,185.92,368.84,31.24,466.7,1921.619,12.0,831.051,0.0,28.0,0.0,70.5,28.5,24.6,187.76,485.5,0.0,0.0,213.92,0.0,,24.0,1393.6799999999998,0.0,85.5,278.02,0.0,57.0,,1729.427,156.84,23.0,0.0,1374.42,24.0,51.66,779.3400000000001,72.0,389.88,,334.54,,494.8200000000001,289.43999999999994,24.0,200.2,0.0,0.0,141.0,614.54,24.0,0.0,0.0,27.0,0.0,62.0,,3.75,23.75,0.0,0.0,45.0,22.5,23.275,1145.178,274.0,553.182,24.0,1157.785,18.375,295.66,6.25,23.44,0.0,529.0,484.0,326.02000000000004,1021.6800000000002,76.0,121.08,22.0,115.2,0.0,22.5,0.0,24.72,100.06,0.0,22.5,19.2,21.25,0.0,49.98,0.0,96.74,18.28,18.96,22.05,419.9000000000001,813.9399999999998,0.0,0.0,0.0,105.28,90.08,0.0,0.0,93.76,221.24,24.42,0.0,24.0,0.0,275.76,0.0,1603.7800000000002,744.7,74.26,127.0,25.0,1406.1999999999998,1682.0000000000002,224.98,20.1,22.56,72.0,256.24,2001.4400000000005,0.0,91.26,0.0,0.0,0.0,339.8,459.6599999999999,6698.795,2944.6800000000003,0.0,0.0,23.275,23.75,0.0,40.0,80.0,0.0,0.0,75.7,23.75,0.0,22.5,0.0,23.75,0.0,0.0,23.75,0.0,23.75,23.75,2733.77,693.3000000000002,3138.3600000000006,0.0,60.32000000000001,24.62,153.6,682.3560000000001,941.32,76.8,529.0200000000001,119.0,120.0,965.72,1044.2,23.75,22.5,0.0,23.75,0.0,60.08,24.36,46.66,0.0,23.96,72.0,97.54,258.93999999999994,0.0,297.67999999999995,11.025,124.4,96.0,24.0,207.16,49.08,47.5,74.28,0.0,75.47999999999999,71.66,191.5,249.6,24.46,122.6,17.98,0.0,0.0,,1394.16,280.36,23.75,0.0,23.75,24.32,24.0,22.88,0.0,472.02,868.8400000000001,,6973.75,36.0,44.15,433.7599999999999,0.0,329.84000000000003,123.4,0.0,190.72,0.0,23.75,23.275,24.5,0.0,0.0,18.0,0.0,191.22,239.80000000000004,23.75,49.0,0.0,24.94,243.18,5523.179999999999,0.0
2022-06-01 00:00:00+00:00,0.0,0.0,0.0,,0.0,0.0,0.0,0.0,0.0,0.0,0.0,0.0,0.0,0.0,0.0,0.0,0.0,0.0,0.0,0.0,0.0,0.0,0.0,0.0,0.0,,0.0,0.0,0.0,0.0,0.0,0.0,0.0,0.0,0.0,0.0,0.0,0.0,0.0,0.0,0.0,0.0,0.0,0.0,0.0,0.0,0.0,0.0,0.0,0.0,0.0,0.0,0.0,0.0,0.0,0.0,0.0,0.0,0.0,0.0,0.0,0.0,0.0,0.0,0.0,0.0,0.0,0.0,0.0,,0.0,0.0,0.0,0.0,0.0,0.0,0.0,0.0,0.0,0.0,0.0,0.0,0.0,0.0,0.0,0.0,0.0,,0.0,0.0,0.0,0.0,0.0,0.0,0.0,0.0,,0.0,0.0,0.0,0.0,0.0,,0.0,0.0,0.0,0.0,0.0,0.0,0.0,0.0,,0.0,0.0,0.0,0.0,0.0,0.0,0.0,0.0,0.0,0.0,0.0,0.0,0.0,0.0,0.0,0.0,0.0,0.0,0.0,0.0,0.0,,0.0,0.0,0.0,0.0,0.0,0.0,0.0,0.0,0.0,0.0,0.0,0.0,0.0,0.0,,0.0,0.0,0.0,0.0,0.0,0.0,0.0,0.0,,0.0,0.0,0.0,0.0,0.0,0.0,0.0,0.0,,0.0,0.0,,0.0,0.0,0.0,0.0,0.0,0.0,0.0,0.0,0.0,0.0,0.0,0.0,0.0,0.0,0.0,0.0,0.0,0.0,,0.0,0.0,0.0,0.0,0.0,0.0,0.0,0.0,0.0,0.0,0.0,0.0,0.0,0.0,,0.0,0.0,,0.0,0.0,0.0,0.0,0.0,0.0,,,0.0,0.0,0.0,0.0,0.0,0.0,0.0,0.0,0.0,0.0,0.0,0.0,0.0,0.0,0.0,0.0,0.0,,0.0,0.0,0.0,,0.0,0.0,0.0,0.0,0.0,0.0,0.0,0.0,0.0,0.0,0.0,0.0,0.0,0.0,0.0,0.0,0.0,0.0,0.0,0.0,0.0,0.0,0.0,0.0,0.0,0.0,0.0,0.0,0.0,0.0,0.0,0.0,0.0,0.0,0.0,0.0,0.0,0.0,,0.0,0.0,0.0,0.0,0.0,0.0,0.0,0.0,0.0,0.0,0.0,0.0,0.0,0.0,0.0,0.0,0.0,0.0,,0.0,0.0,0.0,0.0,0.0,0.0,0.0,0.0,0.0,0.0,0.0,0.0,0.0,0.0,0.0,0.0,,0.0,0.0,0.0,0.0,0.0,0.0,0.0,0.0,0.0,0.0,0.0,0.0,0.0,0.0,0.0,0.0,0.0,0.0,0.0,0.0,0.0,0.0,0.0,0.0,0.0,0.0,,0.0,0.0,0.0,0.0,0.0,0.0,0.0,0.0,0.0,0.0,0.0,0.0,0.0,0.0,0.0,0.0,0.0,0.0,0.0,0.0,0.0,0.0,0.0,0.0,0.0,0.0,0.0,0.0,0.0,0.0,,0.0,0.0,0.0,0.0,0.0,0.0,0.0,0.0,0.0,0.0,0.0,0.0,0.0,0.0,0.0,0.0,0.0,0.0,0.0,0.0,0.0,0.0,0.0,0.0,0.0,0.0,0.0,0.0,0.0,0.0,0.0,0.0,0.0,0.0,0.0,0.0,0.0,0.0,0.0,0.0,0.0,0.0,0.0,0.0,0.0,0.0,0.0,0.0,0.0,0.0,0.0,0.0,0.0,0.0,0.0,0.0,0.0,0.0,0.0,0.0,0.0,0.0,0.0,0.0,0.0,0.0,0.0,0.0,0.0,0.0,0.0,0.0,0.0,0.0,0.0,0.0,0.0,0.0,0.0,0.0,0.0,0.0,0.0,0.0,0.0,0.0,0.0,0.0,0.0,0.0,0.0,0.0,0.0,0.0,0.0,0.0,0.0,0.0,0.0,0.0,0.0,0.0,0.0,0.0,0.0,0.0,0.0,0.0,0.0,0.0,0.0,0.0,0.0,0.0,0.0,0.0,0.0,0.0,0.0,0.0,0.0,0.0,0.0,0.0,0.0,0.0,0.0,0.0,0.0,0.0
2022-07-01 00:00:00+00:00,0.0,0.0,0.0,0.0,0.0,0.0,0.0,0.0,0.0,0.0,0.0,0.0,0.0,0.0,0.0,0.0,0.0,0.0,0.0,0.0,0.0,0.0,0.0,0.0,0.0,0.0,0.0,0.0,0.0,0.0,0.0,0.0,0.0,0.0,0.0,0.0,0.0,0.0,0.0,0.0,0.0,0.0,0.0,0.0,0.0,0.0,0.0,0.0,0.0,0.0,0.0,0.0,0.0,0.0,0.0,0.0,0.0,0.0,0.0,0.0,0.0,0.0,0.0,0.0,0.0,0.0,0.0,0.0,0.0,0.0,0.0,0.0,0.0,0.0,0.0,0.0,0.0,0.0,0.0,0.0,0.0,0.0,0.0,0.0,0.0,0.0,0.0,0.0,0.0,0.0,0.0,0.0,0.0,0.0,0.0,0.0,,0.0,0.0,0.0,0.0,0.0,0.0,0.0,0.0,0.0,0.0,0.0,0.0,0.0,0.0,0.0,0.0,0.0,0.0,0.0,0.0,0.0,0.0,0.0,0.0,0.0,0.0,0.0,0.0,0.0,0.0,0.0,0.0,0.0,0.0,0.0,0.0,0.0,0.0,0.0,0.0,0.0,0.0,0.0,0.0,0.0,0.0,0.0,0.0,0.0,0.0,0.0,0.0,0.0,0.0,0.0,0.0,0.0,0.0,0.0,0.0,0.0,0.0,0.0,0.0,0.0,0.0,0.0,0.0,0.0,0.0,0.0,0.0,0.0,0.0,0.0,0.0,0.0,0.0,0.0,0.0,0.0,0.0,0.0,0.0,0.0,0.0,0.0,0.0,0.0,0.0,0.0,0.0,0.0,0.0,0.0,0.0,0.0,0.0,0.0,0.0,0.0,0.0,0.0,0.0,0.0,0.0,0.0,0.0,0.0,0.0,0.0,0.0,0.0,0.0,0.0,0.0,0.0,0.0,0.0,0.0,0.0,0.0,0.0,0.0,0.0,0.0,0.0,0.0,0.0,0.0,0.0,0.0,0.0,0.0,0.0,,0.0,0.0,0.0,0.0,0.0,0.0,0.0,0.0,0.0,0.0,0.0,0.0,0.0,0.0,0.0,0.0,0.0,0.0,0.0,0.0,0.0,0.0,0.0,0.0,0.0,0.0,0.0,0.0,0.0,0.0,0.0,0.0,0.0,0.0,0.0,0.0,0.0,0.0,0.0,0.0,0.0,0.0,0.0,0.0,0.0,0.0,0.0,0.0,0.0,0.0,0.0,0.0,0.0,0.0,0.0,0.0,0.0,0.0,0.0,0.0,0.0,0.0,0.0,0.0,0.0,0.0,0.0,0.0,0.0,0.0,0.0,0.0,0.0,0.0,0.0,0.0,0.0,0.0,0.0,0.0,0.0,0.0,0.0,0.0,0.0,0.0,0.0,0.0,0.0,0.0,0.0,0.0,0.0,0.0,0.0,0.0,0.0,0.0,0.0,0.0,0.0,0.0,0.0,0.0,0.0,0.0,0.0,0.0,0.0,0.0,0.0,0.0,0.0,0.0,0.0,0.0,0.0,0.0,0.0,0.0,0.0,0.0,0.0,0.0,0.0,0.0,0.0,0.0,0.0,0.0,0.0,0.0,0.0,0.0,0.0,0.0,0.0,0.0,0.0,0.0,0.0,0.0,0.0,0.0,0.0,0.0,0.0,0.0,0.0,0.0,0.0,0.0,0.0,0.0,0.0,0.0,0.0,0.0,0.0,0.0,0.0,0.0,0.0,0.0,0.0,0.0,0.0,0.0,0.0,0.0,0.0,0.0,0.0,0.0,0.0,0.0,0.0,0.0,0.0,0.0,0.0,0.0,0.0,0.0,0.0,0.0,0.0,0.0,0.0,0.0,0.0,0.0,0.0,0.0,0.0,0.0,0.0,0.0,0.0,0.0,0.0,0.0,0.0,0.0,0.0,0.0,0.0,0.0,0.0,0.0,0.0,0.0,0.0,0.0,0.0,0.0,0.0,0.0,0.0,0.0,0.0,0.0,0.0,0.0,0.0,0.0,0.0,0.0,0.0,0.0,0.0,0.0,0.0,0.0,0.0,0.0,0.0,0.0,0.0,0.0,0.0,0.0,0.0,0.0,0.0,0.0,0.0,0.0,0.0,0.0,0.0,0.0,0.0,0.0,0.0,0.0,0.0,0.0,0.0,0.0,0.0,0.0,0.0,0.0,0.0,0.0,0.0
2022-08-01 00:00:00+00:00,,,,,,,,0.0,,,,,,,,,,,,0.0,,,,0.0,,,,,,,,,,0.0,,,,,,0.0,,,,,,0.0,,,,,,,,,,,,,,,,,,0.0,,,,,,,,,,,,,,,,,0.0,,,,,,,,0.0,,,,,,0.0,0.0,0.0,,,,0.0,,,,,,,,,,,,,0.0,,,,,,,,,,,,,,,0.0,,,,,,,,,,,,,,,,,,,,,,,,,,,,,,,,,,,,,0.0,0.0,,,,,,,,,,0.0,,,0.0,,,,,,,,,,,0.0,,,,,0.0,0.0,,,,,,,,,,,,,,,0.0,,,,,,,,0.0,,,0.0,,,,,,,,0.0,,0.0,,,,,,,,,,,,,,,,,,,,,,,,,,,,,,,,,,,0.0,,,,,,,,,0.0,,,,,,,,,,,,,,,,,,,,,,,,,,,,0.0,,,,,0.0,0.0,,,,,,,,0.0,,0.0,,,,,0.0,,,,0.0,0.0,,,0.0,,0.0,,,,,,,,,,,0.0,,,,,,,,,0.0,,,0.0,0.0,0.0,,,,,,,,,,,,,,,,,,,,,,,,,,,,,,,,,,,,,,,,,,,,,,,,,,,,,,,,,,,,,,0.0,,,,,,,,,,,,,,,,,,,,,,,,,,,,,,,,,,,,,,,,,,,,,,,,,,,,,,,,,,,,,,0.0,,,,0.0,0.0,,,,,,,,,,
2022-09-01 00:00:00+00:00,,,,,,,,,,,,,,,,,,,,,,,,0.0,,,,,,,,,,,,,,,,,,,,,,,,,,,,,,,,,,,,,,,,,,,,,,0.0,,,,,,,,,,,,,,,,,,,,,,,,,0.0,0.0,,,,,0.0,,,,,,,,,,,,,,,,,,,,,,,,,,,,,,,,,0.0,,,,,,,,,,,,,,,,,,,,,,,,,,,,,,,,,0.0,,,,,,,,,0.0,,,,0.0,,,,,,,,,,,,,,,,,,,,,,,,,,,,,,,,,,,,,,,,,,,0.0,,,,,,,,,,,,,,,,,,,,,,,,,,,,,,,,,,,,,,,,,,,,,,,,,,,,,,,,,,,,,,,,,,,,,,,,,,,,,,,,,,,,,,,,,,,,,,,,,,,,,,,,,,,,,,,0.0,,0.0,,,,,,,,,,,,,,,,,,,,0.0,,,0.0,0.0,,,,,,,,,,,,,,,,,,,,,,,,,,,,,,,,,,,,,,,,,,,,,,,,,,,,,,,,,,,,,,,,,,,,,,,,,,,,,,,,,,0.0,,,,,,,,,,,,,,,,,,,,,,,,,,,,,,,,,,,,,,,,,,,,,,,0.0,0.0,,,,,,,,,,
2022-10-01 00:00:00+00:00,,,,,,,,,,,,,,,,,,,,,,,,0.0,,,,,,,,,,,,,,,,,,,,,,,,,,,,,,,,,,,,,,,,,,,,,,,,,,,,,,,,,,,,,,,0.0,,,,,,,,0.0,0.0,,,,,,,,,,,,,,,,,,,,,,,,,,,,,,,,,,,,,,,,,,,,,,,,,,,,,,,,,,,,,,,,,,,,,,,0.0,,,,,,,,,,,,,0.0,,,,,,,,,,,,,,,,,,,,,,,,,,,,,,,,,,,,,,,,,,,0.0,,,,,,,,,,,,,,,,,,,,,,,,,,,,,,,,,,,,,,,,,,,,,,,,,,,,,,,,,,,,,,,,,,,,,,,,,,,,,,,,,,,,,,,,,,,,,,,,,,,,,,,,,,,,,,,0.0,,,,,,,,,,,,,,,,,,,,,,,,,0.0,,,,,,,,,,,,,,,,,,,,,,,,,,,,,,,,,,,,,,,,,,,,,,,,,,,,,,,,,,,,,,,,,,,,,,,,,,,,,,,,,,,,,,,,,,,,,,,,,,,,,,,,,,,,,,,,,,,,,,,,,,,,,,,,,,,0.0,,,,,,,,,,
2022-11-01 00:00:00+00:00,,,,,,,,,,,,,,,,,,,,,,,,0.0,,,,,,,,,,,,,,,,,,,,,,,,,,,,,,,,,,,,,,,,,,,,,,,,,,,,,,,,,,,,,,,,,,,,,,,,,,,,,,,,,,,,,,,,,,,,,,,,,,,,,,,,,,,,,,,,,,,,,,,,,,,,,,,,,,,,,,,,,,,,,,,,,,,,,,,,,,,,0.0,,,,,,,,,,,,,,,,,,,,,,,,,,,,,,,,,,,,,,,,,,,0.0,,,,,,,,,,,,,,,,,,,,,,,,,,,,,,,,,,,,,,,,,,,,,,,,,,,,,,,,,,,,,,,,,,,,,,,,,,,,,,,,,,,,,,,,,,,,,,,,,,,,,,,,,,,,,,,0.0,,,,,,,,,,,,,,,,,,,,,,,,,,,,,,,,,,,,,,,,,,,,,,,,,,,,,,,,,,,,,,,,,,,,,,,,,,,,,,,,,,,,,,,,,,,,,,,,,,,,,,,,,,,,,,,,,,,,,,,,,,,,,,,,,,,,,,,,,,,,,,,,,0.0,,,,,,,,,,,0.0,,,,,,,,,,
2022-12-01 00:00:00+00:00,,,,,,,,,,,,,,,,,,,,,,,,0.0,,,,,,,,,,,,,,,,,,,,,,,,,,,,,,,,,,,,,,,,,,,,,,,,,,,,,,,,,,,,,,,,,,,,,,,,,,,,,0.0,,,,,,,,,,,,,,,,,,,,,,,,,,,,,,,,,0.0,,,,,,,,,,,,,,,,,,,,,,,,,,,,,,,,,,,,,,,,,,,,,,,,,,,,,,,,,,,,,,,,,,,,,,,,,,,,,,,,,,,,,,,,,0.0,,,,,,,,,,,,,,,,,,,,,,,,,,,,,,,,,,,,,,,,,,,,,,,,,,,,,,,,,,,,,,,,,,,,,,,,,,,,,,,,,,,,,,,,,,,,,,,,,,,,,,,,,,,,,,,0.0,,,,,,,,,,,,,,,,,,,,,,,,,,,,,,,,,,,,,,,,,,,,,,,,,,,,,,,,,,,,,,,,,,,,,,,,,,,,,,,,,,,,,,,,,,,,,,,,,,,,,,,,,,,,,,,,,,,,,,,,,,,,,,,,,,,,,,,,,,,,,,,,,0.0,,,,,,,,,,,,,,,,,,,,,
